Profile Name,Title Name,Country,Utc Title Add Date
Gelu,We Have a Ghost,Romania,2023-07-29
Gelu,The Witcher,Romania,2023-07-17
Gelu,Lucifer,Romania,2020-11-15
Bianca,The Wonderful Story of Henry Sugar,Romania,2023-11-18
Bianca,The Looney Tunes Show,Romania,2023-11-03
Bianca,Chef's Table,Romania,2023-08-21
Bianca,Snack VS. Chef,Romania,2023-08-21
Bianca,Kotaro Lives Alone,Romania,2022-09-02
Bianca,The Devil's Advocate,Romania,2022-02-06
Bianca,A Time to Kill,Romania,2022-01-12
Bianca,Gladiator,Romania,2022-01-12
Bianca,Heat,Romania,2022-01-12
Bianca,A Beautiful Mind,Romania,2022-01-12
Bianca,The People vs. Larry Flynt,Romania,2022-01-12
Bianca,The Green Mile,Romania,2022-01-12
Bianca,The Seven Deadly Sins,Romania,2022-01-12
Bianca,Unsolved Mysteries,Romania,2020-07-02
Bianca,The Midnight Gospel,Romania,2020-06-14
Bianca,Hachi: A Dog's Tale,Romania,2020-06-11
Bianca,Spirited Away,Romania,2020-06-11
Bianca,Blow,Romania,2020-06-11
Bianca,The Secret,Romania,2020-06-11
Bianca,2001: A Space Odyssey,Romania,2020-06-11
Bianca,Have a Good Trip: Adventures in Psychedelics,Romania,2020-06-11
Bianca,Phantom Thread,Romania,2020-06-11
Bianca,The Salvation,Romania,2020-06-11
Bianca,Circle,Romania,2020-06-11
Bianca,Midnight Express,Romania,2020-06-11
Bianca,Dorohedoro,Romania,2020-06-11
Bianca,The Shack,Romania,2020-06-11
Bianca,Les Misérables,Romania,2020-06-11
Bianca,13TH,Romania,2020-06-11
Bianca,Dazed and Confused,Romania,2020-06-11
Bianca,The Da Vinci Code,Romania,2020-06-11
Bianca,The Most Unknown,Romania,2020-06-11
Bianca,Due Date,Romania,2020-06-11
Bianca,The Mask of Zorro,Romania,2020-06-11
Bianca,Dancing with the Birds,Romania,2020-06-11
Bianca,Struggle: The Life and Lost Art of Szukalski,Romania,2020-06-11
Bianca,Donnie Brasco,Romania,2020-06-11
Bianca,Zodiac,Romania,2020-06-11
Bianca,The Other Side of the Wind,United Kingdom,2020-04-11
Bianca,Miami Bici,United Kingdom,2020-04-09
Bianca,Snatch,United Kingdom,2020-03-09
Bianca,Untamed Romania,United Kingdom,2020-02-26
Bianca,Yes Man,Romania,2020-02-03
Bianca,Night on Earth,Romania,2020-01-30
Bianca,Funny People,United Kingdom,2020-01-28
Bianca,Planet Earth II,United Kingdom,2020-01-24
Bianca,Blue Planet II,United Kingdom,2020-01-24
Bianca,Life,United Kingdom,2020-01-24
Bianca,"South Park: Bigger, Longer and Uncut",United Kingdom,2020-01-24
Bianca,Marriage Story,Romania,2020-01-23
Bianca,The Two Popes,Romania,2020-01-23
Bianca,The Chef Show,Romania,2020-01-14
Bianca,The Movies That Made Us,United Kingdom,2020-01-09
Bianca,The Brothers Grimsby,United Kingdom,2019-12-26
Bianca,The Irishman,Romania,2019-12-02
Bianca,Unnatural Selection,Romania,2019-11-29
Bianca,The Good Place,Romania,2019-11-23
Bianca,After Life,Romania,2019-08-13
Bianca,Comedians in Cars Getting Coffee,Romania,2019-08-13
Bianca,The Red Sea Diving Resort,Romania,2019-08-01
Bianca,One Day,Romania,2019-07-20
Bianca,The Package,Romania,2019-07-14
Bianca,Our Planet,United Kingdom,2019-04-23
Bianca,Seven,United Kingdom,2019-04-23
Bianca,The Perfect Date,United Kingdom,2019-04-14
Bianca,Nocturnal Animals,United Kingdom,2019-03-28
Bianca,Peaky Blinders,United Kingdom,2019-03-26
Bianca,GoodFellas,United Kingdom,2019-03-19
Bianca,The OA,United Kingdom,2019-03-18
Bianca,The Umbrella Academy,United Kingdom,2019-03-11
Bianca,Neal Brennan: 3 Mics,Romania,2019-01-26
Bianca,Dark Tourist,Romania,2019-01-10
Bianca,Interstellar,Romania,2019-01-10
Bianca,The Revenant,Romania,2019-01-10
Bianca,Solo,Romania,2019-01-10
Bianca,Arrival,Romania,2019-01-10
Bianca,Thor: Ragnarok,Romania,2019-01-10
Bianca,7 Days Out,Romania,2019-01-10
Bianca,The Ring,Romania,2019-01-10
Bianca,True Story,Romania,2019-01-10
Bianca,The Blue Planet: A Natural History of the Oceans,Romania,2019-01-10
Bianca,Sons of Anarchy,Romania,2019-01-10
Bianca,The Wolf of Wall Street,Romania,2019-01-10
Bianca,Wild Japan,Romania,2019-01-09
Bianca,COMEDIANS of the world,Romania,2019-01-09
Bianca,Dogs,Romania,2019-01-09
Bianca,You,Romania,2019-01-03
Bianca,How I Met Your Mother,Romania,2019-01-01
Bianca,Bird Box,Romania,2018-12-29
Ana,A Time Called You,Romania,2023-08-11
Ana,Dirty Dancing,Romania,2023-08-01
Ana,Pride & Prejudice,Romania,2023-08-01
Ana,Legally Blonde,Romania,2023-07-10
Ana,"tick, tick...BOOM!",Romania,2023-07-10
Ana,Clueless,Romania,2023-07-10
Ana,All The Bright Places,Romania,2023-07-10
Ana,The Breakfast Club,Romania,2023-07-10
Ana,Bohemian Rhapsody,Romania,2023-07-10
Ana,The Penthouse: War in Life,Romania,2023-07-10
Ana,Shahmaran,Romania,2023-01-20
Ana,Split,Romania,2022-08-23
Ana,Meet Joe Black,Romania,2022-08-23
Ana,The Butterfly Effect,Romania,2022-08-23
Ana,Love & Other Drugs,Romania,2022-08-23
Ana,Interstellar,Romania,2022-08-23
Ana,Suspicious Partner,Romania,2022-08-23
Ana,Hotel Del Luna,Romania,2022-05-11
Ana,Start-Up,Romania,2022-05-11
Ana,Vincenzo,Romania,2022-05-11
Ana,My Secret Romance,Romania,2022-05-11
Ana,Hymn of Death,Romania,2022-05-11
Ana,Weightlifting Fairy Kim Bok Joo,Romania,2022-05-11
Ana,My Mister,Romania,2022-05-11
Ana,Abyss,Romania,2022-05-11
Ana,Extracurricular,Romania,2022-05-11
Ana,The Sound of Magic,Romania,2022-05-11
Ana,My ID is Gangnam Beauty,Romania,2022-05-11
Ana,The Penthouse: War in Life,Romania,2022-05-11
Ana,Vagabond,Romania,2022-05-11
Ana,Love and Fortune,Romania,2022-05-11
Ana,Chocolate,Romania,2022-05-11
Ana,Our Beloved Summer,Romania,2022-03-02
Ana,Wish You,Romania,2022-02-12
Ana,Navillera,Romania,2022-02-09
Ana,Meteor Garden,Romania,2022-02-09
Ana,Malcolm & Marie,Romania,2022-02-08
Ana,Romance Is a Bonus Book,Romania,2022-02-07
Ana,"Nevertheless,",Romania,2022-02-04
Ana,My Name,Romania,2022-02-03
Ana,Love Alarm,Romania,2022-02-03
Ana,One Spring Night,Romania,2022-02-03
Ana,Sweet Home,Romania,2022-02-03
Ana,It's Okay to Not Be Okay,Romania,2022-02-03
Ana,All of Us Are Dead,Romania,2022-02-03
Ana,Hacksaw Ridge,Romania,2022-02-03
Ana,My First First Love,Romania,2022-02-03
Ana,Rain or Shine,Romania,2022-02-03
Ana,My Holo Love,Romania,2022-02-03
Ana,Orphan,Romania,2022-02-02
Ana,La La Land,Romania,2022-01-08
Ana,"Extremely Wicked, Shockingly Evil and Vile",Romania,2022-01-08
Ana,Death Becomes Her,Romania,2022-01-08
Ana,The Curious Case of Benjamin Button,Romania,2022-01-08
Ana,The Imitation Game,Romania,2022-01-08
Ana,Breathe,Romania,2022-01-08
Ana,Marriage Story,Romania,2022-01-08
Ana,Pieces of a Woman,Romania,2022-01-08
Ana,I'm Thinking of Ending Things,Romania,2022-01-08
Ana,Tammy,Romania,2022-01-08
Ana,12 Years a Slave,Romania,2022-01-08
Ana,Lovesong,Romania,2022-01-08
Ana,1917,Romania,2022-01-08
Ana,"tick, tick...BOOM!",Romania,2022-01-08
Ana,The Social Network,Romania,2022-01-08
Ana,Atypical,Romania,2021-12-28
Ana,The Notebook,Romania,2021-12-25
Ana,Call Me by Your Name,Romania,2021-12-25
Ana,Girl from Nowhere,Romania,2021-10-01
Ana,Squid Game,Romania,2021-10-01
Ana,No One Gets Out Alive,Romania,2021-09-30
Ana,Sausage Party,Romania,2021-09-25
Ana,The Boy in the Striped Pajamas,Romania,2021-09-25
Ana,After,Romania,2021-09-05
Ana,Sex Education,Romania,2021-09-01
Ana,JJ+E,Romania,2021-09-01
Ana,Me Before You,Romania,2021-08-28
Ana,In the Shadow of the Moon,Romania,2021-08-27
Ana,Five Feet Apart,Romania,2021-06-06
Ana,Sex Education,Romania,2021-05-03
Ana,Ginny & Georgia,Romania,2021-04-21
Ana,Behind Her Eyes,Romania,2021-01-20
Ana,Lights Out,Romania,2021-01-20
Ana,So My Grandma’s a Lesbian!,Romania,2021-01-20
Ana,Firefly Lane,Romania,2021-01-20
Ana,Riverdale,Romania,2021-01-04
Ana,Annabelle Comes Home,Romania,2021-01-04
Ana,Spinning Out,Romania,2020-12-05
Ana,365 Days,Romania,2020-11-12
Ana,Fuller House,Romania,2020-06-21
Ana,Gossip Girl,Romania,2020-06-11
Ana,Locke & Key,Romania,2020-02-17
Ana,Stranger Things,Romania,2020-01-03
Ana,Pretty Little Liars,Romania,2019-10-20
Ana,The A List,Romania,2019-09-05
Ana,The Society,Romania,2019-08-03
Ana,Greenhouse Academy,Romania,2019-08-03
Ana,Grimm,Romania,2019-07-31
Ana,Supergirl,Romania,2019-07-31
Ana,DC's Legends of Tomorrow,Romania,2019-07-31
Ana,Arrow,Romania,2019-07-31
Ana,The Flash,Romania,2019-07-10
Ana,Stranger Things,Romania,2019-07-08
Ana,Full House,United Kingdom,2019-03-25
Ana,The Umbrella Academy,United Kingdom,2019-03-24
Ana,The Haunting of Hill House,United Kingdom,2019-03-17
Ana,Stranger Things,United Kingdom,2019-03-16
Ana,Bates Motel,United Kingdom,2019-03-16
Ana,Anne with an E,United Kingdom,2019-03-16
Ana,Riverdale,United Kingdom,2019-03-16
Ana,That '70s Show,United Kingdom,2019-03-16
Ana,The Light Between Oceans,United Kingdom,2019-03-14
