Profile Name,Country Iso Code,Device,Is Kids,Query Typed,Displayed Name,Action,Section,Utc Timestamp
Gelu,RO,Smart TV,0,ri,,play,title_results,2023-11-14 21:17:24
Gelu,RO,Smart TV,0,ri,,select,title_results,2023-11-14 21:17:21
Gelu,RO,Smart TV,0,ri,The Old Ways,play,title_results,2023-11-14 21:14:19
Gelu,RO,Smart TV,0,ri,The Old Ways,select,title_results,2023-11-14 21:14:17
Gelu,RO,Smart TV,0,ri,,play,title_results,2023-11-14 21:13:47
Gelu,RO,Smart TV,0,ri,,select,title_results,2023-11-14 21:13:45
Gelu,RO,Smart TV,0,ri,5Gang,play,title_results,2023-11-14 21:13:28
Gelu,RO,Smart TV,0,ri,5Gang,select,title_results,2023-11-14 21:13:26
Gelu,RO,Smart TV,0,ri,,select,title_results,2023-11-14 21:12:22
Gelu,RO,Smart TV,0,ri,,select,title_results,2023-11-14 21:07:34
Gelu,RO,Smart TV,0,eno,The School for Good and Evil,play,title_results,2022-12-29 16:05:25
Gelu,RO,Smart TV,0,eno,The School for Good and Evil,play,title_results,2022-12-29 16:05:25
Gelu,RO,Smart TV,0,eno,The School for Good and Evil,select,title_results,2022-12-29 16:05:22
Gelu,RO,Smart TV,0,eno,The School for Good and Evil,select,title_results,2022-12-29 16:05:22
Gelu,RO,Smart TV,0,eno,Enola Holmes,play,title_results,2022-12-29 15:50:31
Gelu,RO,Smart TV,0,eno,Enola Holmes,play,title_results,2022-12-29 15:50:31
Gelu,RO,Smart TV,0,eno,Enola Holmes,select,title_results,2022-12-29 15:50:27
Gelu,RO,Smart TV,0,eno,Enola Holmes,select,title_results,2022-12-29 15:50:27
Gelu,RO,Smart TV,0,en,Enola Holmes,play,title_results,2022-12-28 12:16:45
Gelu,RO,Smart TV,0,en,Enola Holmes,play,title_results,2022-12-28 12:16:45
Gelu,RO,Smart TV,0,en,Enola Holmes,select,title_results,2022-12-28 12:16:41
Gelu,RO,Smart TV,0,en,Enola Holmes,select,title_results,2022-12-28 12:16:41
Gelu,RO,Smart TV,0,sta,Star Trek Beyond,play,title_results,2022-12-26 19:50:51
Gelu,RO,Smart TV,0,sta,Star Trek Beyond,select,title_results,2022-12-26 19:50:46
Gelu,RO,Smart TV,0,sta,Star Trek Beyond,play,title_results,2022-12-26 11:44:39
Gelu,RO,Smart TV,0,sta,Star Trek Beyond,play,title_results,2022-12-26 11:44:39
Gelu,RO,Smart TV,0,sta,Star Trek Beyond,select,title_results,2022-12-26 11:44:38
Gelu,RO,Smart TV,0,sta,Star Trek Beyond,select,title_results,2022-12-26 11:44:38
Gelu,RO,Smart TV,0,sta,Star Trek Beyond,play,title_results,2022-12-26 10:18:37
Gelu,RO,Smart TV,0,sta,Star Trek Beyond,play,title_results,2022-12-26 10:18:37
Gelu,RO,Smart TV,0,sta,Star Trek Beyond,select,title_results,2022-12-26 10:18:33
Gelu,RO,Smart TV,0,sta,Star Trek Beyond,select,title_results,2022-12-26 10:18:33
Gelu,RO,Smart TV,0,love,,play,title_results,2022-09-04 17:40:06
Gelu,RO,Smart TV,0,love,,play,title_results,2022-09-04 17:40:06
Gelu,RO,Smart TV,0,love,,play,title_results,2022-09-04 17:39:44
Gelu,RO,Smart TV,0,love,,play,title_results,2022-09-04 17:39:44
Gelu,RO,Smart TV,0,love,,select,title_results,2022-09-04 17:39:41
Gelu,RO,Smart TV,0,love,,select,title_results,2022-09-04 17:39:41
Gelu,RO,Smart TV,0,mu,The Mummy,play,title_results,2022-08-27 17:29:22
Gelu,RO,Smart TV,0,mu,The Mummy,play,title_results,2022-08-27 17:29:22
Gelu,RO,Smart TV,0,mu,The Mummy,select,title_results,2022-08-27 17:29:18
Gelu,RO,Smart TV,0,mu,The Mummy,select,title_results,2022-08-27 17:29:18
Gelu,RO,Smart TV,0,sagaw,,play,title_results,2022-08-24 14:53:23
Gelu,RO,Smart TV,0,sagaw,,play,title_results,2022-08-24 14:53:23
Gelu,RO,Smart TV,0,sagaw,,select,title_results,2022-08-24 14:53:20
Gelu,RO,Smart TV,0,sagaw,,select,title_results,2022-08-24 14:53:20
Gelu,RO,Android Phone,0,busi,,select,title_results,2022-04-12 12:57:38
Gelu,RO,Smart TV,0,ic,Icarus,play,title_results,2022-02-19 19:00:41
Gelu,RO,Smart TV,0,ic,Icarus,select,title_results,2022-02-19 19:00:38
Gelu,RO,Smart TV,0,ica,Icarus,play,title_results,2022-02-16 14:39:18
Gelu,RO,Smart TV,0,ica,Icarus,select,title_results,2022-02-16 14:39:01
Gelu,RO,Smart TV,0,tri,,play,title_results,2022-01-02 06:53:57
Gelu,RO,Smart TV,0,tri,,select,title_results,2022-01-02 06:53:46
Gelu,RO,Smart TV,0,brav,,play,title_results,2021-12-31 18:48:14
Gelu,RO,Smart TV,0,brav,,select,title_results,2021-12-31 18:48:12
Gelu,RO,Smart TV,0,brav,,play,title_results,2021-12-31 17:57:56
Gelu,RO,Smart TV,0,brav,,select,title_results,2021-12-31 17:57:53
Gelu,RO,Smart TV,0,dominion,Cowspiracy: The Sustainability Secret,play,title_results,2021-10-20 15:20:58
Gelu,RO,Smart TV,0,dominion,Cowspiracy: The Sustainability Secret,select,title_results,2021-10-20 15:20:53
Gelu,RO,Smart TV,0,cei,The Game Changers,play,title_results,2021-08-29 15:36:54
Gelu,RO,Smart TV,0,cei,The Game Changers,select,title_results,2021-08-29 15:36:38
Gelu,RO,Smart TV,0,r,,play,,2021-06-02 19:45:51
Gelu,RO,Smart TV,0,r,,select,,2021-06-02 19:44:50
Gelu,RO,Smart TV,0,grimm,,select,,2021-05-17 16:51:26
Gelu,RO,Smart TV,0,grimm,Grimm,select,,2021-05-17 16:51:11
Gelu,RO,Smart TV,0,w,,select,,2021-04-29 12:04:28
Gelu,RO,Smart TV,0,amur,365 Days,select,,2021-04-18 13:39:48
Gelu,RO,Smart TV,0,amur,Abduction,select,,2021-04-18 13:39:33
Gelu,RO,Smart TV,0,amur,Equals,select,,2021-04-18 13:39:00
Gelu,RO,Smart TV,0,fis,Seaspiracy,play,,2021-04-18 08:35:18
Gelu,RO,Smart TV,0,fis,Seaspiracy,play,,2021-04-18 07:58:03
Gelu,RO,Smart TV,0,fis,Seaspiracy,select,,2021-04-18 07:58:00
Gelu,RO,Smart TV,0,shad,,play,,2021-01-30 19:44:07
Gelu,RO,Smart TV,0,shad,,select,,2021-01-30 19:41:55
Gelu,RO,Smart TV,0,grimm,The Lucky One,play,,2021-01-05 14:46:08
Gelu,RO,Smart TV,0,grimm,The Lucky One,select,,2021-01-05 14:45:57
Gelu,RO,Smart TV,0,grimm,Legion,play,,2021-01-05 14:45:29
Gelu,RO,Smart TV,0,grimm,Legion,select,,2021-01-05 14:45:17
Gelu,RO,Smart TV,0,grimm,,select,,2021-01-05 14:43:45
Gelu,RO,Smart TV,0,grimm,,play,,2021-01-05 14:03:08
Gelu,RO,Smart TV,0,grimm,,select,,2021-01-05 14:03:06
Gelu,RO,Smart TV,0,mâ,The Old Guard,play,,2020-12-02 23:25:40
Gelu,RO,Smart TV,0,mâ,The Old Guard,select,,2020-12-02 23:25:17
Gelu,RO,Smart TV,0,mâ,Palm Trees in the Snow,select,,2020-12-02 23:24:18
Gelu,RO,Smart TV,0,mâ,A Wedding for Christmas,play,,2020-12-02 23:21:55
Gelu,RO,Smart TV,0,mâ,A Wedding for Christmas,select,,2020-12-02 23:21:44
Gelu,RO,Smart TV,0,mâ,My Christmas Inn,play,,2020-12-02 21:53:52
Gelu,RO,Smart TV,0,mâ,My Christmas Inn,select,,2020-12-02 21:53:50
Gelu,RO,Smart TV,0,mâ,Lady J,select,,2020-12-02 21:53:11
Gelu,RO,Smart TV,0,mâ,Pride & Prejudice,play,,2020-12-02 21:31:37
Gelu,RO,Smart TV,0,mâ,Pride & Prejudice,select,,2020-12-02 21:31:33
Gelu,RO,Smart TV,0,grimm,Grimm,select,,2020-12-02 21:29:31
Gelu,RO,Smart TV,0,grimm,Grimm,select,,2020-12-02 21:29:28
Gelu,RO,Smart TV,0,cow,Cowspiracy: The Sustainability Secret,play,,2020-11-29 08:59:33
Gelu,RO,Smart TV,0,cow,Cowspiracy: The Sustainability Secret,select,,2020-11-29 08:59:18
Gelu,RO,Smart TV,0,cei,The Game Changers,play,,2020-11-29 08:02:59
Gelu,RO,Smart TV,0,cei,The Game Changers,select,,2020-11-29 08:02:53
Gelu,RO,Smart TV,0,,The Game Changers,select,,2020-11-23 17:47:38
Gelu,RO,Smart TV,0,,,select,,2020-11-23 17:39:26
Gelu,RO,Smart TV,0,insur,The Divergent Series: Insurgent,play,,2020-11-15 17:05:55
Gelu,RO,Smart TV,0,insur,The Divergent Series: Insurgent,select,,2020-11-15 17:05:41
Gelu,RO,Smart TV,0,comoar,National Treasure: Book of Secrets,select,,2020-11-13 19:31:11
Gelu,RO,Smart TV,0,insur,The Divergent Series: Insurgent,select,,2020-11-12 19:11:28
Gelu,RO,Smart TV,0,w,,play,,2020-06-12 13:43:01
Gelu,RO,Smart TV,0,w,,select,,2020-06-12 13:42:12
Gelu,RO,Smart TV,0,w,,select,,2020-06-12 13:42:07
Gelu,RO,Smart TV,0,w,,play,,2020-06-12 13:41:51
Gelu,RO,Smart TV,0,w,,select,,2020-06-12 13:41:16
Gelu,RO,Smart TV,0,hachi,Benji,select,,2020-06-12 13:29:50
Gelu,RO,Smart TV,0,hachi,Hachi: A Dog's Tale,play,,2020-06-12 11:38:12
Gelu,RO,Smart TV,0,hachi,Hachi: A Dog's Tale,select,,2020-06-12 11:38:04
Gelu,RO,Smart TV,0,grim,Grimm,select,,2020-06-07 12:05:12
Gelu,RO,Smart TV,0,bon,,select,,2020-06-05 14:03:20
Gelu,RO,Smart TV,0,bon,The Bourne Identity,select,,2020-06-05 14:03:00
Gelu,RO,Smart TV,0,bon,To the Bone,select,,2020-06-05 14:02:32
Gelu,RO,Smart TV,0,bon,,select,,2020-06-05 14:02:29
Gelu,RO,Smart TV,0,marc,,select,,
Gelu,RO,Smart TV,0,st,,select,,
Gelu,RO,Smart TV,0,st,,play,,
Gelu,RO,Smart TV,0,st,,play,,
Bianca,RO,Android Phone,0,clockwork ,The Wonderful Story of Henry Sugar,select,title_results,2023-11-18 19:25:00
Bianca,RO,Android Phone,0,sacha baron,,select,title_results,2023-11-08 13:07:26
Bianca,RO,Android Phone,0,sacha baron,"The Spy: Limited Series: ""The Immigrant""",play,title_results,2023-11-08 13:07:16
Bianca,RO,Android Phone,0,sacha baron,,select,title_results,2023-11-08 13:07:05
Bianca,RO,Android Phone,0,trailer p,"Trailer Park Boys: Season 3: ""Where in the F**k Is Randy's Barbeque?""",play,title_results,2023-11-05 08:14:34
Bianca,RO,Android Phone,0,trailer p,,select,title_results,2023-11-05 08:13:59
Bianca,RO,Android Phone,0,desperate hous,,select,title_results,2023-08-18 08:58:25
Bianca,RO,Smart TV,0,food,,play,title_results,2022-09-07 13:58:22
Bianca,RO,Smart TV,0,food,,play,title_results,2022-09-07 13:58:22
Bianca,RO,Smart TV,0,food,,select,title_results,2022-09-07 13:58:20
Bianca,RO,Smart TV,0,food,,select,title_results,2022-09-07 13:58:20
Bianca,RO,Smart TV,0,food,,play,title_results,2022-09-07 13:56:35
Bianca,RO,Smart TV,0,food,,play,title_results,2022-09-07 13:56:35
Bianca,RO,Smart TV,0,food,,select,title_results,2022-09-07 13:56:33
Bianca,RO,Smart TV,0,food,,select,title_results,2022-09-07 13:56:33
Bianca,RO,Smart TV,0,food,What the Health,play,title_results,2022-09-07 13:56:00
Bianca,RO,Smart TV,0,food,What the Health,play,title_results,2022-09-07 13:56:00
Bianca,RO,Smart TV,0,food,What the Health,select,title_results,2022-09-07 13:55:57
Bianca,RO,Smart TV,0,food,What the Health,select,title_results,2022-09-07 13:55:57
Bianca,RO,Smart TV,0,food,,play,title_results,2022-09-07 13:54:13
Bianca,RO,Smart TV,0,food,,play,title_results,2022-09-07 13:54:13
Bianca,RO,Smart TV,0,food,,select,title_results,2022-09-07 13:54:10
Bianca,RO,Smart TV,0,food,,select,title_results,2022-09-07 13:54:10
Bianca,RO,Smart TV,0,cook,,play,title_results,2022-09-07 13:51:01
Bianca,RO,Smart TV,0,cook,,play,title_results,2022-09-07 13:51:01
Bianca,RO,Smart TV,0,cook,,select,title_results,2022-09-07 13:50:59
Bianca,RO,Smart TV,0,cook,,select,title_results,2022-09-07 13:50:59
Bianca,RO,Smart TV,0,cook,,play,title_results,2022-09-07 13:49:58
Bianca,RO,Smart TV,0,cook,,play,title_results,2022-09-07 13:49:58
Bianca,RO,Smart TV,0,cook,,select,title_results,2022-09-07 13:49:56
Bianca,RO,Smart TV,0,cook,,select,title_results,2022-09-07 13:49:56
Bianca,RO,Smart TV,0,cook,,play,title_results,2022-09-07 13:49:46
Bianca,RO,Smart TV,0,cook,,play,title_results,2022-09-07 13:49:46
Bianca,RO,Smart TV,0,cook,,select,title_results,2022-09-07 13:49:44
Bianca,RO,Smart TV,0,cook,,select,title_results,2022-09-07 13:49:44
Bianca,RO,Smart TV,0,cook,,play,title_results,2022-09-07 13:48:56
Bianca,RO,Smart TV,0,cook,,play,title_results,2022-09-07 13:48:56
Bianca,RO,Smart TV,0,cook,,select,title_results,2022-09-07 13:48:54
Bianca,RO,Smart TV,0,cook,,select,title_results,2022-09-07 13:48:54
Bianca,RO,Smart TV,0,cook,,play,title_results,2022-09-07 13:48:19
Bianca,RO,Smart TV,0,cook,,play,title_results,2022-09-07 13:48:19
Bianca,RO,Smart TV,0,cook,,select,title_results,2022-09-07 13:48:16
Bianca,RO,Smart TV,0,cook,,select,title_results,2022-09-07 13:48:16
Bianca,RO,Smart TV,0,cook,,play,title_results,2022-09-07 13:47:17
Bianca,RO,Smart TV,0,cook,,play,title_results,2022-09-07 13:47:17
Bianca,RO,Smart TV,0,cook,,select,title_results,2022-09-07 13:47:15
Bianca,RO,Smart TV,0,cook,,select,title_results,2022-09-07 13:47:15
Bianca,RO,Smart TV,0,cook,,play,title_results,2022-09-07 13:45:53
Bianca,RO,Smart TV,0,cook,,play,title_results,2022-09-07 13:45:53
Bianca,RO,Smart TV,0,cook,,select,title_results,2022-09-07 13:45:50
Bianca,RO,Smart TV,0,cook,,select,title_results,2022-09-07 13:45:50
Bianca,RO,Smart TV,0,iron,,play,title_results,2022-09-07 13:43:57
Bianca,RO,Smart TV,0,iron,,play,title_results,2022-09-07 13:43:57
Bianca,RO,Smart TV,0,iron,,play,title_results,2022-09-07 13:43:48
Bianca,RO,Smart TV,0,iron,,play,title_results,2022-09-07 13:43:48
Bianca,RO,Smart TV,0,iron,,select,title_results,2022-09-07 13:43:45
Bianca,RO,Smart TV,0,iron,,select,title_results,2022-09-07 13:43:45
Bianca,RO,Smart TV,0,iron,,play,title_results,2022-09-07 13:11:10
Bianca,RO,Smart TV,0,iron,,play,title_results,2022-09-07 13:11:10
Bianca,RO,Smart TV,0,iron,,select,title_results,2022-09-07 13:10:50
Bianca,RO,Smart TV,0,iron,,select,title_results,2022-09-07 13:10:50
Bianca,RO,Smart TV,0,cup,,play,title_results,2022-09-02 07:38:12
Bianca,RO,Smart TV,0,cup,,play,title_results,2022-09-02 07:38:12
Bianca,RO,Smart TV,0,cup,,select,title_results,2022-09-02 07:38:09
Bianca,RO,Smart TV,0,cup,,select,title_results,2022-09-02 07:38:09
Bianca,RO,Smart TV,0,de,,play,title_results,2022-09-01 08:03:41
Bianca,RO,Smart TV,0,de,,play,title_results,2022-09-01 08:03:41
Bianca,RO,Smart TV,0,de,,select,title_results,2022-09-01 08:03:39
Bianca,RO,Smart TV,0,de,,select,title_results,2022-09-01 08:03:39
Bianca,RO,Android Phone,0,disen,"Disenchantment: Part 4: ""Goon Baby Goon""",play,title_results,2022-02-11 06:08:09
Bianca,RO,Android Phone,0,disen,,select,title_results,2022-02-11 06:07:53
Bianca,RO,Android Phone,0,anime,"The Disastrous Life of Saiki K.: Season 1: ""Episode 1""",play,title_results,2022-02-09 06:51:42
Bianca,RO,Android Phone,0,anime,,select,title_results,2022-02-09 06:51:36
Bianca,RO,Android Phone,0,anime,,select,title_results,2022-02-09 06:51:22
Bianca,RO,Android Phone,0,doroh,,select,title_results,2022-02-04 18:19:36
Bianca,RO,Android Phone,0,archer,"Paradise PD: Part 1: ""Welcome to Paradise""",play,title_results,2022-02-02 07:02:20
Bianca,RO,Android Phone,0,archer,,select,title_results,2022-02-02 07:02:01
Bianca,RO,Android Phone,0,archer,,select,title_results,2022-02-02 07:01:13
Bianca,RO,Android Phone,0,scary movie,Scary Movie 3,play,title_results,2022-01-28 11:27:40
Bianca,RO,Android Phone,0,scary movie,Scary Movie 3,select,title_results,2022-01-28 11:27:37
Bianca,RO,Android Phone,0,scary movie,Scary Movie 5,select,title_results,2022-01-28 11:27:32
Bianca,RO,Android Phone,0,scary movie,Scary Movie 3,select,title_results,2022-01-28 11:27:29
Bianca,RO,Android Phone,0,afterlife,"After Life: Season 1: ""Episode 2""",play,title_results,2022-01-23 10:11:32
Bianca,RO,Android Phone,0,afterlife,,select,title_results,2022-01-23 10:11:24
Bianca,RO,Smart TV,0,sham,,play,title_results,2022-01-21 07:43:42
Bianca,RO,Smart TV,0,sham,,select,title_results,2022-01-21 07:42:58
Bianca,RO,Smart TV,0,ta,Taxi Driver,play,title_results,2022-01-09 13:18:44
Bianca,RO,Smart TV,0,ta,Taxi Driver,select,title_results,2022-01-09 13:18:41
Bianca,RO,Smart TV,0,trail,,play,title_results,2021-12-24 12:58:31
Bianca,RO,Smart TV,0,trail,,select,title_results,2021-12-24 12:58:11
Bianca,RO,HTML 5,0,no ,No Country for Old Men,play,,2021-10-17 16:44:54
Bianca,RO,HTML 5,0,no ,No Country for Old Men,play,,2021-10-17 16:41:50
Bianca,RO,HTML 5,0,no ,No Country for Old Men,play,,2021-10-17 16:41:18
Bianca,RO,HTML 5,0,lobster,The Lobster,play,,2021-10-17 16:26:13
Bianca,RO,HTML 5,0,sha,,play,,2021-09-25 20:05:13
Bianca,RO,HTML 5,0,shaman ,,play,,2021-09-25 17:01:26
Bianca,RO,Smart TV,0,shama,,play,title_results,2021-09-23 11:08:17
Bianca,RO,Smart TV,0,shama,,select,title_results,2021-09-23 11:08:11
Bianca,RO,Smart TV,0,rea,,select,suggestion_results,2021-08-30 13:12:33
Bianca,RO,Smart TV,0,rea,,play,suggestion_results,2021-08-30 13:02:21
Bianca,RO,Smart TV,0,rea,,select,suggestion_results,2021-08-30 13:02:18
Bianca,RO,Smart TV,0,rea,,select,suggestion_results,2021-08-30 13:02:17
Bianca,RO,Smart TV,0,ha,Harry Potter and the Prisoner of Azkaban,play,,2020-06-14 09:16:56
Bianca,RO,Smart TV,0,ha,Harry Potter and the Prisoner of Azkaban,select,,2020-06-14 09:16:52
Bianca,RO,Smart TV,0,exp,,select,,2020-06-11 20:54:52
Bianca,RO,Smart TV,0,zo,,select,,2020-06-11 20:30:14
Bianca,RO,Smart TV,0,zo,The Mask of Zorro,add,,2020-06-11 20:30:04
Bianca,RO,Smart TV,0,zo,The Mask of Zorro,select,,2020-06-11 20:29:43
Bianca,RO,Smart TV,0,zo,Zodiac,add,,2020-06-11 20:29:12
Bianca,RO,Smart TV,0,zo,Zodiac,select,,2020-06-11 20:28:31
Bianca,GB,HTML 5,0,trail,,select,,
Bianca,GB,HTML 5,0,our pl,,play,,
Bianca,RO,HTML 5,0,the pl,The Platform,play,,
Bianca,GB,HTML 5,0,our pl,,select,,
Bianca,GB,HTML 5,0,trailer,,play,,
Bianca,RO,HTML 5,0,the other side,The Other Side of the Wind,play,,
Bianca,RO,HTML 5,0,mi,Miami Bici,play,,
Bianca,RO,PS4,0,ocean,Get Smart,play,,
Bianca,RO,PS4,0,oou,,select,,
Bianca,RO,PS4,0,ocean,Get Smart,select,,
Bianca,GB,HTML 5,0,trail,,play,,
Bianca,GB,Android Phone,0,south park,,select,,
Bianca,GB,Android Phone,0,south park,,select,,
Bianca,GB,Android Phone,0,trailer,,select,,
Bianca,GB,HTML 5,0,tourism,,play,,
Bianca,RO,PS4,0,oou,,play,,
Bianca,GB,HTML 5,0,south park,,select,,
Bianca,GB,HTML 5,0,100,,play,,
Bianca,GB,HTML 5,0,bojack,,play,,
Bianca,RO,HTML 5,0,peaky,,select,,
Bianca,GB,HTML 5,0,miami ,Miami Bici,select,,
Bianca,GB,HTML 5,0,miami ,Miami Bici,select,,
Bianca,GB,HTML 5,0,miami ,Miami Bici,select,,
Bianca,GB,HTML 5,0,miami ,Miami Bici,select,,
Bianca,GB,HTML 5,0,miami ,Miami Bici,select,,
Bianca,RO,Android Phone,0,yes,Yes Man,select,,
Bianca,RO,Android Phone,0,yes,Yes Man,select,,
Bianca,RO,Android Phone,0,the big lebow,The Ballad of Buster Scruggs,select,,
Bianca,RO,Android Phone,0,the big lebow,The Ballad of Buster Scruggs,select,,
Bianca,RO,Android Phone,0,hip hop,,select,,
Bianca,GB,HTML 5,0,trailer,,select,,
Ana,RO,iPhone,0,man in,Man in Love,play,title_results,2023-11-21 17:54:11
Ana,RO,iPhone,0,man in,Man in Love,select,title_results,2023-11-21 17:54:09
Ana,RO,iPhone,0,,,play,prequery_results,2023-11-20 22:18:04
Ana,RO,iPhone,0,,,select,prequery_results,2023-11-20 22:17:51
Ana,RO,iPhone,0,hidd,"Hidden Love: ""Episode 15""",play,title_results,2023-11-19 18:20:38
Ana,RO,iPhone,0,hidd,,select,title_results,2023-11-19 18:20:14
Ana,RO,iPhone,0,whe,"When I Fly Towards You: ""Go and See a Brighter Light""",play,title_results,2023-11-18 21:04:14
Ana,RO,iPhone,0,whe,,select,title_results,2023-11-18 21:03:57
Ana,RO,iPhone,0,hidd,"Hidden Love: ""Episode 8""",play,title_results,2023-11-17 14:25:22
Ana,RO,iPhone,0,hidd,,select,title_results,2023-11-17 14:25:07
Ana,RO,iPhone,0,silenced,Silenced,select,title_results,2023-11-14 16:10:11
Ana,RO,iPhone,0,hidd,"Hidden Love: ""Episode 13""",play,title_results,2023-11-14 14:44:14
Ana,RO,iPhone,0,hidd,"Hidden Love: ""Episode 23""",play,title_results,2023-11-14 14:42:32
Ana,RO,iPhone,0,hidd,,select,title_results,2023-11-14 14:42:25
Ana,RO,iPhone,0,mask,"Mask Girl: Season 1: ""Kim Mo-mi""",play,title_results,2023-11-12 19:54:24
Ana,RO,iPhone,0,mask,,select,title_results,2023-11-12 19:54:22
Ana,RO,Smart TV,0,,,play,prequery_results,2023-11-12 15:03:59
Ana,RO,Smart TV,0,,,play,prequery_results,2023-11-12 15:01:43
Ana,RO,Smart TV,0,,,play,prequery_results,2023-11-12 14:47:09
Ana,RO,Smart TV,0,,,play,prequery_results,2023-11-12 14:46:02
Ana,RO,Smart TV,0,,,play,prequery_results,2023-11-12 14:41:10
Ana,RO,iPhone,0,more than,,select,title_results,2023-11-12 14:11:59
Ana,RO,iPhone,0,the last ten,,select,title_results,2023-11-12 14:11:39
Ana,RO,Smart TV,0,,,play,prequery_results,2023-11-12 14:10:41
Ana,RO,Smart TV,0,,,select,prequery_results,2023-11-12 14:10:39
Ana,RO,Smart TV,0,,,play,prequery_results,2023-11-12 13:32:34
Ana,RO,Smart TV,0,,,play,prequery_results,2023-11-12 13:30:49
Ana,RO,Smart TV,0,,,select,prequery_results,2023-11-12 13:30:19
Ana,RO,iPhone,0,man i,Man in Love,play,title_results,2023-11-05 21:11:11
Ana,RO,iPhone,0,man i,Man in Love,play,title_results,2023-11-05 19:53:03
Ana,RO,iPhone,0,man i,Man in Love,select,title_results,2023-11-05 19:53:01
Ana,RO,iPhone,0,man i,Man in Love,select,title_results,2023-11-05 19:52:52
Ana,RO,Smart TV,0,mas,,play,title_results,2023-11-05 12:02:20
Ana,RO,Smart TV,0,mas,,select,title_results,2023-11-05 12:02:16
Ana,RO,iPhone,0,mon,"Money Heist: Part 1: ""Episode 2""",play,title_results,2023-11-02 23:53:57
Ana,RO,iPhone,0,mon,,select,title_results,2023-11-02 23:53:51
Ana,RO,Smart TV,0,mo,,play,title_results,2023-11-02 23:52:18
Ana,RO,Smart TV,0,mo,,play,title_results,2023-11-02 23:52:01
Ana,RO,Smart TV,0,mo,,select,title_results,2023-11-02 23:51:59
Ana,RO,Smart TV,0,whe,,play,title_results,2023-11-02 23:16:18
Ana,RO,Smart TV,0,whe,,select,title_results,2023-11-02 23:16:16
Ana,RO,iPhone,0,tune,Tune in for Love,play,title_results,2023-10-28 18:58:31
Ana,RO,iPhone,0,tune,Tune in for Love,select,title_results,2023-10-28 18:58:27
Ana,RO,Smart TV,0,str,,play,title_results,2023-10-27 18:27:06
Ana,RO,Smart TV,0,str,,select,title_results,2023-10-27 18:27:04
Ana,RO,iPhone,0,burn the h,,select,title_results,2023-10-27 17:56:17
Ana,RO,iPhone,0,voice,,select,title_results,2023-10-27 17:52:09
Ana,RO,iPhone,0,voice,,select,title_results,2023-10-27 17:51:42
Ana,RO,iPhone,0,voice,,select,title_results,2023-10-27 17:51:31
Ana,RO,iPhone,0,,Tune in for Love,select,prequery_results,2023-10-24 20:46:21
Ana,RO,iPhone,0,,Tune in for Love,play,prequery_results,2023-10-24 20:46:20
Ana,RO,iPhone,0,doom,"Doom at Your Service: ""Episode 1""",play,title_results,2023-10-24 20:31:52
Ana,RO,iPhone,0,doom,,select,title_results,2023-10-24 20:31:49
Ana,RO,iPhone,0,tune ,Tune in for Love,play,title_results,2023-10-24 15:06:19
Ana,RO,iPhone,0,tune ,Tune in for Love,select,title_results,2023-10-24 15:06:13
Ana,RO,iPhone,0,,,play,prequery_results,2023-10-23 12:25:23
Ana,RO,iPhone,0,,,select,prequery_results,2023-10-23 12:25:19
Ana,RO,iPhone,0,ballerina,Ballerina,play,title_results,2023-10-20 11:05:33
Ana,RO,iPhone,0,ballerina,Ballerina,select,title_results,2023-10-20 11:04:55
Ana,RO,iPhone,0,bec,"Because This Is My First Life: Season 1: ""Episode 1""",play,title_results,2023-10-18 19:29:46
Ana,RO,iPhone,0,bec,,select,title_results,2023-10-18 19:29:46
Ana,RO,iPhone,0,dali,,select,title_results,2023-10-18 17:51:40
Ana,RO,Smart TV,0,hy,,play,title_results,2023-10-15 13:20:39
Ana,RO,Smart TV,0,hy,,select,title_results,2023-10-15 13:20:37
Ana,RO,iPhone,0,strong girl,"Strong Girl Nam-soon: Season 1: ""Three Generations""",play,title_results,2023-10-14 19:02:57
Ana,RO,iPhone,0,strong girl,,select,title_results,2023-10-14 19:02:54
Ana,RO,iPhone,0,strong girl,365 Days,select,prequery_results,2023-10-14 19:02:51
Ana,RO,iPhone,0,my ,"My Love from the Star: Season 1: ""Episode 1""",play,title_results,2023-10-14 18:16:57
Ana,RO,iPhone,0,my ,,select,title_results,2023-10-14 18:16:52
Ana,RO,iPhone,0,my love ,,select,title_results,2023-10-13 20:49:35
Ana,RO,iPhone,0,a time,"A Time Called You: Season 1: ""Episode 8""",play,title_results,2023-10-13 19:45:00
Ana,RO,iPhone,0,a time,,select,title_results,2023-10-13 19:44:41
Ana,RO,Smart TV,0,st,,play,title_results,2023-10-13 17:40:58
Ana,RO,Smart TV,0,st,,select,title_results,2023-10-13 17:40:53
Ana,RO,Smart TV,0,st,,play,title_results,2023-10-13 17:40:29
Ana,RO,Smart TV,0,st,,play,title_results,2023-10-13 17:39:57
Ana,RO,Smart TV,0,st,,play,title_results,2023-10-13 17:38:39
Ana,RO,Smart TV,0,st,,select,title_results,2023-10-13 17:38:36
Ana,RO,iPhone,0,a good day to be a dog,,select,title_results,2023-10-11 12:56:30
Ana,RO,iPhone,0,a good day to be a dog,,select,title_results,2023-10-11 12:56:18
Ana,RO,iPhone,0,reply,"Reply 1988: Season 1: ""Episode 17""",play,title_results,2023-10-04 17:42:26
Ana,RO,iPhone,0,reply,,select,title_results,2023-10-04 17:42:14
Ana,RO,iPhone,0,2521,"Twenty Five Twenty One: Season 1: ""Episode 1""",play,title_results,2023-09-24 15:48:19
Ana,RO,iPhone,0,2521,"Twenty Five Twenty One: Season 1: ""Episode 1""",play,title_results,2023-09-24 15:48:11
Ana,RO,iPhone,0,2521,,select,title_results,2023-09-24 15:48:05
Ana,RO,iPhone,0,cele,,select,title_results,2023-09-20 02:57:41
Ana,RO,iPhone,0,reply,"Reply 1988: Season 1: ""Episode 19""",play,title_results,2023-09-08 20:24:58
Ana,RO,iPhone,0,reply,"Reply 1988: Season 1: ""Episode 19""",play,title_results,2023-09-08 20:19:47
Ana,RO,iPhone,0,reply,,select,title_results,2023-09-08 20:19:38
Ana,RO,iPhone,0,sex educa,"Sex Education: Season 3: ""Episode 2""",play,title_results,2023-09-08 16:51:26
Ana,RO,iPhone,0,sex educa,,select,title_results,2023-09-08 16:51:12
Ana,RO,Smart TV,0,goo,,play,title_results,2023-09-03 10:45:57
Ana,RO,Smart TV,0,goo,,select,title_results,2023-09-03 10:45:55
Ana,RO,Smart TV,0,,,play,prequery_results,2023-09-02 19:51:49
Ana,RO,Smart TV,0,,,select,prequery_results,2023-09-02 19:51:48
Ana,RO,Smart TV,0,dal,,play,title_results,2023-08-30 17:50:47
Ana,RO,Smart TV,0,dal,,select,title_results,2023-08-30 17:50:45
Ana,RO,Android Phone,0,2521,"Twenty Five Twenty One: Season 1: ""Episode 16""",play,title_results,2023-08-25 23:22:56
Ana,RO,Android Phone,0,2521,,select,title_results,2023-08-25 23:22:51
Ana,RO,Android Phone,0,alchemy,"Alchemy of Souls: Part 1: ""Episode 13""",play,title_results,2023-08-25 22:38:40
Ana,RO,Android Phone,0,alchemy,"Alchemy of Souls: Part 1: ""Episode 13""",play,title_results,2023-08-25 22:37:25
Ana,RO,Android Phone,0,alchemy,"Alchemy of Souls: Part 1: ""Episode 4""",play,title_results,2023-08-25 20:54:41
Ana,RO,Android Phone,0,alchemy,"Alchemy of Souls: Part 1: ""Episode 4""",play,title_results,2023-08-25 20:51:27
Ana,RO,Android Phone,0,alchemy,"Alchemy of Souls: Part 1: ""Episode 4""",play,title_results,2023-08-25 20:41:33
Ana,RO,Android Phone,0,alchem,"Alchemy of Souls: Part 1: ""Episode 1""",play,title_results,2023-08-25 17:14:21
Ana,RO,Android Phone,0,alchem,,select,title_results,2023-08-25 17:14:15
Ana,RO,Android Phone,0,ri,"Riverdale: Season 7: ""Chapter One Hundred snd Thirty-Seven: Goodbye, Riverdale""",play,title_results,2023-08-25 00:16:17
Ana,RO,Android Phone,0,ri,,select,title_results,2023-08-25 00:16:09
Ana,RO,Android Phone,0,riverdalr,,select,title_results,2023-08-23 22:34:11
Ana,RO,Android Phone,0,,"Stranger Things 3: ""Chapter Two: The Mall Rats""",play,prequery_results,2023-08-23 16:51:50
Ana,RO,Android Phone,0,,"Stranger Things 3: ""Chapter One: Suzie, Do You Copy?""",play,prequery_results,2023-08-23 13:47:10
Ana,RO,Android Phone,0,,,select,prequery_results,2023-08-23 13:47:03
Ana,RO,Android Phone,0,stra,"Stranger Things 4: ""Chapter Six: The Dive""",play,title_results,2023-08-22 23:48:19
Ana,RO,Android Phone,0,stra,"Stranger Things 3: ""Chapter One: Suzie, Do You Copy?""",play,title_results,2023-08-22 23:46:21
Ana,RO,Android Phone,0,stra,"Stranger Things 3: ""Chapter Two: The Mall Rats""",play,title_results,2023-08-22 23:45:38
Ana,RO,Android Phone,0,stra,"Stranger Things 2: ""Chapter Five: Dig Dug""",play,title_results,2023-08-22 23:04:08
Ana,RO,Android Phone,0,stra,"Stranger Things 2: ""Chapter Two: Trick or Treat, Freak""",play,title_results,2023-08-22 22:36:36
Ana,RO,Android Phone,0,stra,"Stranger Things: ""Chapter One: The Vanishing of Will Byers""",play,title_results,2023-08-22 20:43:53
Ana,RO,Android Phone,0,stra,,select,title_results,2023-08-22 20:43:48
Ana,RO,Android Phone,0,,,select,prequery_results,2023-08-13 11:17:12
Ana,RO,Android Phone,0,tje u,,select,title_results,2023-08-12 09:36:32
Ana,RO,Android Phone,0,hometown,"Hometown Cha-Cha-Cha: Season 1: ""Episode 8""",play,title_results,2023-08-12 01:14:20
Ana,RO,Android Phone,0,hometown,"Hometown Cha-Cha-Cha: Season 1: ""Episode 6""",play,title_results,2023-08-12 00:55:08
Ana,RO,Android Phone,0,hometown,"Hometown Cha-Cha-Cha: Season 1: ""Episode 1""",play,title_results,2023-08-11 22:57:19
Ana,RO,Android Phone,0,hometown,,select,title_results,2023-08-11 22:57:16
Ana,RO,Android Phone,0,start,"Start-Up: Season 1: ""Elevator Speech""",play,title_results,2023-08-11 22:53:04
Ana,RO,Android Phone,0,start,"Start-Up: Season 1: ""MVP (Minimum Viable Product)""",play,title_results,2023-08-11 22:50:27
Ana,RO,Android Phone,0,start,"Start-Up: Season 1: ""FAMILY, FRIENDS, FOOLS""",play,title_results,2023-08-11 22:48:47
Ana,RO,Android Phone,0,start,"Start-Up: Season 1: ""START-UP""",play,title_results,2023-08-11 22:47:59
Ana,RO,Android Phone,0,start,,select,title_results,2023-08-11 22:47:52
Ana,RO,Android Phone,0,love to hate you,"Love to Hate You: Season 1: ""A Passionate Goodbye""",play,title_results,2023-08-11 15:09:04
Ana,RO,Android Phone,0,love to hate you,"Love to Hate You: Season 1: ""Trigonometry: The Love Triangle Edition""",play,title_results,2023-08-11 14:34:22
Ana,RO,Android Phone,0,love to hate you,"Love to Hate You: Season 1: ""Bad Boy""",play,title_results,2023-08-11 12:44:00
Ana,RO,Android Phone,0,love to hate you,"Love to Hate You: Season 1: ""Bad Girl""",play,title_results,2023-08-11 12:00:39
Ana,RO,Android Phone,0,love to hate you,"Love to Hate You: Season 1: ""Bad Girl""",play,title_results,2023-08-11 11:57:56
Ana,RO,Android Phone,0,love to hate you,,select,title_results,2023-08-11 11:57:46
Ana,RO,Smart TV,0,,,play,prequery_results,2023-08-11 10:23:58
Ana,RO,Smart TV,0,,,select,prequery_results,2023-08-11 10:23:55
Ana,RO,Android Phone,0,pinocchio,,select,title_results,2023-08-11 10:22:17
Ana,RO,Smart TV,0,dr,,select,title_results,2023-08-10 22:12:03
Ana,RO,Smart TV,0,move,,play,title_results,2023-08-07 18:04:22
Ana,RO,Smart TV,0,move,,select,title_results,2023-08-07 18:04:20
Ana,RO,Smart TV,0,move,,play,title_results,2023-08-07 15:58:26
Ana,RO,Smart TV,0,move,,select,title_results,2023-08-07 15:58:24
Ana,RO,Smart TV,0,gi,The Girl Next Door,play,title_results,2023-08-06 12:17:10
Ana,RO,Smart TV,0,gi,The Girl Next Door,select,title_results,2023-08-06 12:17:07
Ana,RO,Android Phone,0,reply 1988,"Reply 1988: Season 1: ""Episode 20""",play,title_results,2023-08-05 20:27:53
Ana,RO,Android Phone,0,reply 1988,,select,title_results,2023-08-05 20:27:49
Ana,RO,Android Phone,0,365,365 Days,play,title_results,2023-08-04 22:19:37
Ana,RO,Android Phone,0,365,365 Days,select,title_results,2023-08-04 22:19:30
Ana,RO,Smart TV,0,,,play,prequery_results,2023-08-04 20:11:30
Ana,RO,Smart TV,0,,,play,prequery_results,2023-08-04 19:12:45
Ana,RO,Smart TV,0,,,select,prequery_results,2023-08-04 19:12:42
Ana,RO,Smart TV,0,,,play,prequery_results,2023-08-03 21:54:11
Ana,RO,Smart TV,0,,,play,prequery_results,2023-08-03 21:53:21
Ana,RO,Smart TV,0,,,select,prequery_results,2023-08-03 21:53:20
Ana,RO,Android Phone,0,king,,select,title_results,2023-07-21 21:55:51
Ana,RO,Android Phone,0,the vampi,,select,title_results,2023-07-18 11:03:31
Ana,RO,Smart TV,0,unc,,select,title_results,2023-07-15 20:00:11
Ana,RO,Android Phone,0,black mirror,,select,title_results,2023-07-12 12:50:30
Ana,RO,Android Phone,0,hidden lo,,select,title_results,2023-07-11 11:35:23
Ana,RO,Smart TV,0,repl,,play,title_results,2023-07-11 10:34:34
Ana,RO,Smart TV,0,repl,,select,title_results,2023-07-11 10:34:24
Ana,RO,Android Phone,0,2521,,select,title_results,2023-07-10 23:14:51
Ana,RO,Android Phone,0,2521,,select,title_results,2023-07-10 23:14:07
Ana,RO,Android Phone,0,2521,,select,title_results,2023-07-10 23:13:34
Ana,RO,Android Phone,0,sad movies,Tune in for Love,select,title_results,2023-07-10 23:12:39
Ana,RO,Android Phone,0,sad movies,All The Bright Places,add,title_results,2023-07-10 23:12:11
Ana,RO,Android Phone,0,sad movies,All The Bright Places,select,title_results,2023-07-10 23:12:10
Ana,RO,Android Phone,0,sad movies,Brain on Fire,select,title_results,2023-07-10 23:11:54
Ana,RO,Android Phone,0,coffee prince,,select,title_results,2023-07-10 23:01:11
Ana,RO,Android Phone,0,coffee prince,,select,title_results,2023-07-10 23:01:00
Ana,RO,Android Phone,0,coffee prince,"Coffee Prince: Season 1: ""Episode 17""",play,title_results,2023-07-10 22:52:23
Ana,RO,Android Phone,0,coffee prince,,select,title_results,2023-07-10 22:52:16
Ana,RO,Android Phone,0,alchemy of souls,,select,title_results,2023-07-10 20:05:29
Ana,RO,Android Phone,0,twe,"Twenty Five Twenty One: Season 1: ""Episode 16""",play,title_results,2023-01-21 21:02:54
Ana,RO,Android Phone,0,twe,,select,title_results,2023-01-21 21:02:48
Ana,RO,Android Phone,0,aft,Rebecca,select,title_results,2023-01-20 22:49:03
Ana,RO,Android Phone,0,aft,Royalteen,select,title_results,2023-01-20 22:48:56
Ana,RO,Android Phone,0,after,365 Days,select,title_results,2023-01-07 22:02:20
Ana,RO,Android Phone,0,after,365 Days,play,title_results,2023-01-07 21:47:30
Ana,RO,Android Phone,0,after,365 Days,select,title_results,2023-01-07 21:47:11
Ana,RO,Android Phone,0,to all,The Kissing Booth 3,select,title_results,2023-01-07 21:46:22
Ana,RO,Android Phone,0,to all,The Perfect Date,select,title_results,2023-01-07 21:46:15
Ana,RO,Android Phone,0,to all,To All the Boys I’ve Loved Before,play,title_results,2023-01-07 21:45:12
Ana,RO,Android Phone,0,to all,To All the Boys I’ve Loved Before,select,title_results,2023-01-07 21:45:08
Ana,RO,Android Phone,0,af,"Hello, Goodbye, and Everything in Between",select,title_results,2023-01-07 21:44:51
Ana,RO,Android Phone,0,afe,After We Collided,play,title_results,2023-01-06 23:15:03
Ana,RO,Android Phone,0,afe,After We Collided,play,title_results,2023-01-06 23:01:23
Ana,RO,Android Phone,0,afe,After We Collided,select,title_results,2023-01-06 23:00:50
Ana,RO,Smart TV,0,de,,play,title_results,2023-01-04 12:26:40
Ana,RO,Smart TV,0,de,,play,title_results,2023-01-04 12:26:40
Ana,RO,Smart TV,0,de,,play,title_results,2023-01-04 12:06:01
Ana,RO,Smart TV,0,de,,play,title_results,2023-01-04 12:06:01
Ana,RO,Smart TV,0,de,,play,title_results,2023-01-04 11:44:06
Ana,RO,Smart TV,0,de,,play,title_results,2023-01-04 11:44:06
Ana,RO,Smart TV,0,de,,play,title_results,2023-01-04 11:27:09
Ana,RO,Smart TV,0,de,,play,title_results,2023-01-04 11:27:09
Ana,RO,Smart TV,0,de,,play,title_results,2023-01-04 11:26:29
Ana,RO,Smart TV,0,de,,play,title_results,2023-01-04 11:26:29
Ana,RO,Smart TV,0,de,,select,title_results,2023-01-04 11:25:31
Ana,RO,Smart TV,0,de,,select,title_results,2023-01-04 11:25:31
Ana,RO,Android Phone,0,f,Fifty Shades of Grey,play,title_results,2022-12-26 22:25:58
Ana,RO,Android Phone,0,f,Fifty Shades of Grey,select,title_results,2022-12-26 22:25:52
Ana,RO,Android Phone,0,fi,Fifty Shades Darker,select,title_results,2022-12-26 22:24:37
Ana,RO,Android Phone,0,fi,Fifty Shades Darker,play,title_results,2022-12-26 22:10:02
Ana,RO,Android Phone,0,fi,Fifty Shades Darker,select,title_results,2022-12-26 22:09:54
Ana,RO,Android Phone,0,devot,"Devotion, a Story of Love and Desire: Season 1: ""Episode 5""",play,title_results,2022-09-16 09:30:11
Ana,RO,Android Phone,0,devot,"Devotion, a Story of Love and Desire: Season 1: ""Episode 2""",play,title_results,2022-09-16 09:17:32
Ana,RO,Android Phone,0,devot,,select,title_results,2022-09-16 09:17:15
Ana,RO,HTML 5,0,after,After Porn Ends,select,suggestion_results,2022-08-26 09:01:49
Ana,RO,HTML 5,0,after,After Porn Ends,select,suggestion_results,2022-08-26 09:01:49
Ana,RO,HTML 5,0,after,After We Collided,play,title_results,2022-08-26 08:55:37
Ana,RO,HTML 5,0,after,After We Collided,play,title_results,2022-08-26 08:55:37
Ana,RO,HTML 5,0,after,After,play,,2022-08-26 08:48:01
Ana,RO,HTML 5,0,after,After,play,,2022-08-26 08:48:01
Ana,RO,Android Phone,0,,After We Collided,play,prequery_results,2022-08-25 19:52:54
Ana,RO,Android Phone,0,,After We Collided,select,prequery_results,2022-08-25 19:52:46
Ana,RO,Android Phone,0,after,After We Collided,play,title_results,2022-08-25 17:33:13
Ana,RO,Android Phone,0,after,After We Collided,select,title_results,2022-08-25 17:33:03
Ana,RO,Android Phone,0,,Inside the Mind of a Cat,select,prequery_results,2022-08-24 18:23:40
Ana,RO,Android Phone,0,18+,Next Door,play,title_results,2022-08-24 18:22:45
Ana,RO,Android Phone,0,18+,Next Door,select,title_results,2022-08-24 18:22:30
Ana,RO,HTML 5,0,sus,,add,title_results,2022-08-23 14:47:55
Ana,RO,HTML 5,0,sus,,add,title_results,2022-08-23 14:47:55
Ana,RO,HTML 5,0,sus,Split,add,title_results,2022-08-23 14:47:34
Ana,RO,HTML 5,0,sus,Split,add,title_results,2022-08-23 14:47:34
Ana,RO,HTML 5,0,the pianist,The Butterfly Effect,add,title_results,2022-08-23 14:45:44
Ana,RO,HTML 5,0,the pianist,The Butterfly Effect,add,title_results,2022-08-23 14:45:44
Ana,RO,HTML 5,0,the pianist,Love & Other Drugs,add,title_results,2022-08-23 14:45:40
Ana,RO,HTML 5,0,the pianist,Love & Other Drugs,add,title_results,2022-08-23 14:45:40
Ana,RO,HTML 5,0,the pianist,Meet Joe Black,add,title_results,2022-08-23 14:45:16
Ana,RO,HTML 5,0,the pianist,Meet Joe Black,add,title_results,2022-08-23 14:45:16
Ana,RO,HTML 5,0,the pianist,Interstellar,add,title_results,2022-08-23 14:45:04
Ana,RO,HTML 5,0,the pianist,Interstellar,add,title_results,2022-08-23 14:45:04
Ana,RO,Android Phone,0,kdrama,,select,title_results,2022-05-11 18:24:34
Ana,RO,Android Phone,0,kdrama,,select,title_results,2022-05-11 18:24:30
Ana,RO,Android Phone,0,kdrama,,select,title_results,2022-05-11 18:24:13
Ana,RO,Android Phone,0,kdrama,,select,title_results,2022-05-11 18:24:05
Ana,RO,Android Phone,0,kdrama,,select,title_results,2022-05-11 18:24:01
Ana,RO,Android Phone,0,kdrama,,add,title_results,2022-05-11 18:24:00
Ana,RO,Android Phone,0,kdrama,,select,title_results,2022-05-11 18:23:49
Ana,RO,Android Phone,0,kdrama,,add,title_results,2022-05-11 18:23:39
Ana,RO,Android Phone,0,kdrama,,select,title_results,2022-05-11 18:23:38
Ana,RO,Android Phone,0,kdrama,,select,title_results,2022-05-11 18:23:20
Ana,RO,Android Phone,0,kdrama,,select,title_results,2022-05-11 18:23:08
Ana,RO,Android Phone,0,kdrama,,select,title_results,2022-05-11 18:23:07
Ana,RO,Android Phone,0,kdrama,,select,title_results,2022-05-11 18:23:04
Ana,RO,Android Phone,0,kdrama,,select,title_results,2022-05-11 18:22:59
Ana,RO,Android Phone,0,kdrama,,add,title_results,2022-05-11 18:22:57
Ana,RO,Android Phone,0,kdrama,,select,title_results,2022-05-11 18:22:52
Ana,RO,Android Phone,0,kdrama,,add,title_results,2022-05-11 18:22:50
Ana,RO,Android Phone,0,kdrama,,select,title_results,2022-05-11 18:22:49
Ana,RO,Android Phone,0,kdrama,,select,title_results,2022-05-11 18:22:43
Ana,RO,Android Phone,0,kdrama,,select,title_results,2022-05-11 18:22:33
Ana,RO,Android Phone,0,kdrama,The 8th Night,select,title_results,2022-05-11 18:22:26
Ana,RO,Android Phone,0,kdrama,,add,title_results,2022-05-11 18:22:13
Ana,RO,Android Phone,0,kdrama,,select,title_results,2022-05-11 18:22:11
Ana,RO,Android Phone,0,kdrama,,add,title_results,2022-05-11 18:22:09
Ana,RO,Android Phone,0,kdrama,,select,title_results,2022-05-11 18:22:08
Ana,RO,Android Phone,0,kdrama,,select,title_results,2022-05-11 18:22:01
Ana,RO,Android Phone,0,kdrama,,select,title_results,2022-05-11 18:21:56
Ana,RO,Android Phone,0,kdrama,,select,title_results,2022-05-11 18:21:49
Ana,RO,Android Phone,0,kdrama,,add,title_results,2022-05-11 18:21:40
Ana,RO,Android Phone,0,kdrama,,select,title_results,2022-05-11 18:21:38
Ana,RO,Android Phone,0,kdrama,,select,title_results,2022-05-11 18:21:27
Ana,RO,Android Phone,0,kdrama,,select,title_results,2022-05-11 18:21:22
Ana,RO,Android Phone,0,kdrama,,select,title_results,2022-05-11 18:21:16
Ana,RO,Android Phone,0,kdrama,,select,title_results,2022-05-11 18:21:01
Ana,RO,Android Phone,0,kdrama,,select,title_results,2022-05-11 18:20:57
Ana,RO,Android Phone,0,kdrama,,select,title_results,2022-05-11 18:20:53
Ana,RO,Android Phone,0,kdrama,,select,title_results,2022-05-11 18:20:49
Ana,RO,Android Phone,0,kdrama,,select,title_results,2022-05-11 18:20:43
Ana,RO,Android Phone,0,kdrama,,add,title_results,2022-05-11 18:20:40
Ana,RO,Android Phone,0,kdrama,,select,title_results,2022-05-11 18:20:39
Ana,RO,Android Phone,0,kdrama,,select,title_results,2022-05-11 18:20:32
Ana,RO,Android Phone,0,kdrama,,select,title_results,2022-05-11 18:20:27
Ana,RO,Android Phone,0,kdrama,,select,title_results,2022-05-11 18:20:25
Ana,RO,Android Phone,0,3,365 Days: This Day,play,title_results,2022-05-08 21:19:37
Ana,RO,Android Phone,0,3,365 Days: This Day,select,title_results,2022-05-08 21:19:30
Ana,RO,Android Phone,0,start,,select,title_results,2022-04-13 11:35:24
Ana,RO,Android Phone,0,true beauty,,select,title_results,2022-04-13 11:35:12
Ana,RO,Android Phone,0,dont look,Don't Look Up,play,title_results,2022-02-05 22:05:39
Ana,RO,Android Phone,0,dont look,Don't Look Up,select,title_results,2022-02-05 22:05:35
Ana,RO,Android Phone,0,my name,,select,title_results,2022-02-03 21:20:27
Ana,RO,Android Phone,0,my name,The Last Days of American Crime,select,title_results,2022-02-03 21:19:44
Ana,RO,Android Phone,0,my name,The Last Days of American Crime,select,title_results,2022-02-03 21:19:39
Ana,RO,Android Phone,0,my name,,add,title_results,2022-02-03 21:19:11
Ana,RO,Android Phone,0,my name,,select,title_results,2022-02-03 21:19:05
Ana,RO,Android Phone,0,my name,,select,title_results,2022-02-03 21:19:04
Ana,RO,Android Phone,0,my name,,add,title_results,2022-02-03 21:19:02
Ana,RO,Android Phone,0,my name,,select,title_results,2022-02-03 21:18:46
Ana,RO,Android Phone,0,my name,Your Name Engraved Herein,select,title_results,2022-02-03 21:18:41
Ana,RO,Android Phone,0,my name,,select,title_results,2022-02-03 21:17:58
Ana,RO,Android Phone,0,my name,,add,title_results,2022-02-03 21:17:48
Ana,RO,Android Phone,0,my name,,select,title_results,2022-02-03 21:17:34
Ana,RO,Android Phone,0,love alarm,,add,title_results,2022-02-03 21:17:19
Ana,RO,Android Phone,0,love alarm,,select,title_results,2022-02-03 21:17:14
Ana,RO,Android Phone,0,love alarm,,add,title_results,2022-02-03 21:17:07
Ana,RO,Android Phone,0,love alarm,,select,title_results,2022-02-03 21:17:03
Ana,RO,Android Phone,0,love alarm,,add,title_results,2022-02-03 21:17:00
Ana,RO,Android Phone,0,love alarm,,select,title_results,2022-02-03 21:16:58
Ana,RO,Android Phone,0,love alarm,,add,title_results,2022-02-03 21:16:54
Ana,RO,Android Phone,0,love alarm,,select,title_results,2022-02-03 21:16:50
Ana,RO,Smart TV,0,never,,play,title_results,2022-02-03 08:42:26
Ana,RO,Smart TV,0,never,,select,title_results,2022-02-03 08:42:05
Ana,RO,Android Phone,0,river,"Riverdale: Season 5: ""Chapter Seventy-Seven: ""Climax""""",play,title_results,2022-01-11 15:20:25
Ana,RO,Android Phone,0,river,"Riverdale: Season 4: ""Chapter Seventy-Two: ""To Die For""""",play,title_results,2022-01-11 15:18:18
Ana,RO,Android Phone,0,river,"Riverdale: Season 4: ""Chapter Seventy-Five: ""Lynchian""""",play,title_results,2022-01-11 15:16:22
Ana,RO,Android Phone,0,river,"Riverdale: Season 4: ""Chapter Seventy-Six: ""Killing Mr. Honey""""",play,title_results,2022-01-11 15:15:45
Ana,RO,Android Phone,0,river,,select,title_results,2022-01-11 15:15:29
Ana,RO,Android Phone,0,riverdale,,select,title_results,2022-01-11 14:41:47
Ana,RO,Android Phone,0,stranger,"Stranger Things 3: ""Chapter One: Suzie, Do You Copy?""",play,title_results,2022-01-10 21:22:41
Ana,RO,Android Phone,0,stranger,,select,title_results,2022-01-10 21:22:29
Ana,RO,HTML 5,0,far fr,Spider-Man: Far from Home,play,,2021-12-30 16:18:51
Ana,RO,Android Phone,0,yo,Me Before You,play,title_results,2021-12-30 00:21:42
Ana,RO,Android Phone,0,yo,Me Before You,select,title_results,2021-12-30 00:21:40
Ana,RO,Android Phone,0,yo,"Young Royals: Season 1: ""Episode 1""",play,title_results,2021-12-30 00:21:17
Ana,RO,Android Phone,0,yo,,select,title_results,2021-12-30 00:21:14
Ana,RO,Android Phone,0,a portrait of a lady,Elisa & Marcela,select,title_results,2021-12-28 23:30:31
Ana,RO,Android Phone,0,fr,"Freud: Season 1: ""Hysteria""",play,title_results,2021-12-28 10:33:12
Ana,RO,Android Phone,0,fr,,select,title_results,2021-12-28 10:33:04
Ana,RO,Android Phone,0,fr,Friends with Benefits,play,title_results,2021-12-28 10:32:08
Ana,RO,Android Phone,0,fr,Friends with Benefits,select,title_results,2021-12-28 10:32:04
Ana,RO,Smart TV,0,m,,play,title_results,2021-12-28 09:04:05
Ana,RO,Smart TV,0,m,,select,title_results,2021-12-28 09:03:29
Ana,RO,Android Phone,0,xall,Anonymously Yours,select,title_results,2021-12-28 01:41:05
Ana,RO,Android Phone,0,xall,Savages,select,title_results,2021-12-28 01:40:37
Ana,RO,Android Phone,0,xall,Lucy,select,title_results,2021-12-28 01:40:31
Ana,RO,Android Phone,0,xall,We Can Be Heroes,select,title_results,2021-12-28 01:40:27
Ana,RO,Android Phone,0,xall,The King,select,title_results,2021-12-28 01:40:16
Ana,RO,Android Phone,0,xall,Call Me by Your Name,select,title_results,2021-12-28 01:39:57
Ana,RO,Android Phone,0,xall,Call Me by Your Name,play,title_results,2021-12-28 01:34:47
Ana,RO,Android Phone,0,xall,Call Me by Your Name,select,title_results,2021-12-28 01:34:41
Ana,RO,Android Phone,0,young,"Young Royals: Season 1: ""Episode 1""",play,title_results,2021-12-28 01:16:51
Ana,RO,Android Phone,0,young,"Young Royals: Season 1: ""Episode 1""",play,title_results,2021-12-28 01:16:51
Ana,RO,Android Phone,0,young,,select,title_results,2021-12-28 01:16:45
Ana,RO,Android Phone,0,young,,select,title_results,2021-12-28 01:16:45
Ana,RO,Android Phone,0,13,"13 Reasons Why: Season 1: ""Tape 1, Side A""",play,title_results,2021-12-25 22:41:52
Ana,RO,Android Phone,0,13,,select,title_results,2021-12-25 22:41:18
Ana,RO,Android Phone,0,lgbt,"Skins: Vol. 1: ""Tony""",play,title_results,2021-10-12 13:03:25
Ana,RO,Android Phone,0,lgbt,,select,title_results,2021-10-12 13:03:22
Ana,RO,Android Phone,0,lgbt,Call Me by Your Name,select,title_results,2021-10-12 13:02:51
Ana,RO,Android Phone,0,lgbtq,,select,prequery_results,2021-10-04 10:07:56
Ana,RO,Android Phone,0,lgbtq,The Danish Girl,select,prequery_results,2021-10-04 10:07:39
Ana,RO,Android Phone,0,lgbtq,Elisa & Marcela,select,prequery_results,2021-10-04 10:07:29
Ana,RO,Android Phone,0,lgbtq,Eternal Summer,select,prequery_results,2021-10-04 10:07:16
Ana,RO,Android Phone,0,lgbtq,Call Me by Your Name,select,prequery_results,2021-10-04 10:07:13
Ana,RO,Android Phone,0,lgbtq,Legaturi bolnavicioase,select,prequery_results,2021-10-04 10:07:02
Ana,RO,Smart TV,0,the bo,The Boy in the Striped Pajamas,add,title_results,2021-09-25 18:25:12
Ana,RO,Smart TV,0,the bo,The Boy in the Striped Pajamas,play,title_results,2021-09-25 16:53:46
Ana,RO,Smart TV,0,the bo,The Boy in the Striped Pajamas,select,title_results,2021-09-25 16:53:43
Ana,RO,Smart TV,0,,,select,suggestion_results,2021-09-25 14:00:20
Ana,RO,Smart TV,0,,,select,suggestion_results,2021-09-25 14:00:19
Ana,RO,Smart TV,0,he,,select,title_results,2021-09-16 15:04:50
Ana,RO,Smart TV,0,he,He's All That,play,title_results,2021-09-16 15:03:18
Ana,RO,Smart TV,0,he,He's All That,select,title_results,2021-09-16 15:03:16
Ana,RO,Android Phone,0,h,He's All That,play,prequery_results,2021-09-06 10:23:52
Ana,RO,Android Phone,0,h,He's All That,select,prequery_results,2021-09-06 10:23:49
Ana,RO,Android Phone,0,h,He's All That,select,prequery_results,2021-09-06 10:23:48
Ana,RO,Android Phone,0,h,He's All That,select,prequery_results,2021-09-06 10:23:46
Ana,RO,Android Phone,0,fifty shades ,After,select,prequery_results,2021-09-05 20:40:47
Ana,RO,Android Phone,0,fifty shades ,After,select,prequery_results,2021-09-05 20:40:43
Ana,RO,Android Phone,0,fifty shades ,After,select,prequery_results,2021-09-05 20:40:17
Ana,RO,Android Phone,0,fifty shades ,After,add,prequery_results,2021-09-05 20:40:14
Ana,RO,Android Phone,0,fifty shades ,After,select,prequery_results,2021-09-05 20:40:03
Ana,RO,Android Phone,0,18+,,select,prequery_results,2021-09-05 20:39:44
Ana,RO,Android Phone,0,18+,Fifty Shades of Grey,select,prequery_results,2021-09-05 20:39:37
Ana,RO,Android Phone,0,18+,,select,prequery_results,2021-09-05 20:39:24
Ana,RO,Android Phone,0,18+,Madame Claude,select,prequery_results,2021-09-05 20:39:19
Ana,RO,Android Phone,0,18+,Madame Claude,select,prequery_results,2021-09-05 20:39:15
Ana,RO,Android Phone,0,18+,Rocco,select,prequery_results,2021-09-05 20:39:09
Ana,RO,Android Phone,0,18+,Madame Claude,select,prequery_results,2021-09-05 20:39:07
Ana,RO,Android Phone,0,18+,Homesick,select,prequery_results,2021-09-05 20:38:57
Ana,RO,Android Phone,0,18+,The Ruthless,select,prequery_results,2021-09-05 20:38:50
Ana,RO,Android Phone,0,grand,"Grand Army: Season 1: ""Brooklyn, 2020""",play,prequery_results,2021-09-01 21:53:04
Ana,RO,Android Phone,0,grand,"Grand Army: Season 1: ""Superman This S**t""",play,prequery_results,2021-09-01 21:52:46
Ana,RO,Android Phone,0,grand,,select,prequery_results,2021-09-01 21:51:03
Ana,RO,Android Phone,0,elite,,select,prequery_results,2021-09-01 21:50:47
Ana,RO,Android Phone,0,elite,Fatherhood,select,prequery_results,2021-09-01 21:50:41
Ana,RO,Android Phone,0,elite,"Never Have I Ever: Season 2: ""... been a perfect girl""",play,prequery_results,2021-09-01 21:47:33
Ana,RO,Android Phone,0,elite,,select,prequery_results,2021-09-01 21:47:11
Ana,RO,Android Phone,0,elite,"Riverdale: Season 5: ""Chapter Eighty-Nine: ""Reservoir Dogs""""",play,prequery_results,2021-09-01 21:46:17
Ana,RO,Android Phone,0,elite,,select,prequery_results,2021-09-01 21:46:02
Ana,RO,Android Phone,0,elite,"Too Hot to Handle: Season 2: ""C**kblocked by a Cone""",play,prequery_results,2021-09-01 21:45:21
Ana,RO,Android Phone,0,elite,,select,prequery_results,2021-09-01 21:44:46
Ana,RO,Android Phone,0,elite,,select,prequery_results,2021-09-01 21:44:04
Ana,RO,Android Phone,0,elite,"Elite: Season 1: ""Saturday Night""",play,prequery_results,2021-09-01 21:38:00
Ana,RO,Android Phone,0,elite,"Elite: Season 1: ""Saturday Night""",play,prequery_results,2021-09-01 21:33:42
Ana,RO,Android Phone,0,elite,,select,prequery_results,2021-09-01 21:33:40
Ana,RO,Android Phone,0,elite,,select,prequery_results,2021-09-01 21:33:39
Ana,RO,Android Phone,0,elite,"Elite: Season 1: ""Welcome""",play,prequery_results,2021-09-01 21:27:44
Ana,RO,Android Phone,0,elite,,select,prequery_results,2021-09-01 21:27:36
Ana,RO,Android Phone,0,she,She's All That,select,prequery_results,2021-09-01 21:27:23
Ana,RO,HTML 5,0,i mania,i-Mania,play,title_results,2021-08-28 18:37:25
Ana,RO,HTML 5,0,the fugit,Me Before You,add,title_results,2021-08-28 18:36:29
Ana,RO,Smart TV,0,spl,Escape Room,play,title_results,2021-08-26 18:18:19
Ana,RO,Smart TV,0,spl,Escape Room,select,title_results,2021-08-26 18:10:09
Ana,RO,Smart TV,0,animal,Pet Sematary,select,title_results,2021-08-26 18:04:06
Ana,RO,Smart TV,0,animal,Benji,select,title_results,2021-08-26 18:03:52
Ana,RO,Smart TV,0,animal,Dancing with the Birds,select,title_results,2021-08-26 18:03:27
Ana,RO,Android Phone,0,little,Little,play,prequery_results,2021-06-16 18:52:09
Ana,RO,Android Phone,0,little,Little,play,prequery_results,2021-06-16 18:48:13
Ana,RO,Android Phone,0,little,Little,select,prequery_results,2021-06-16 18:48:10
Ana,RO,Android Phone,0,,Fifty Shades of Grey,play,,2021-05-20 17:03:04
Ana,RO,Android Phone,0,,Fifty Shades of Grey,select,,2021-05-20 17:02:58
Ana,RO,Android Phone,0,the family next door,American Murder: The Family Next Door,play,,2021-05-17 18:46:57
Ana,RO,Android Phone,0,the family next door,American Murder: The Family Next Door,select,,2021-05-17 18:46:54
Ana,RO,Android Phone,0,someone,Against All Odds,play,,2021-05-14 15:06:14
Ana,RO,Android Phone,0,someone,Against All Odds,play,,2021-05-14 15:05:42
Ana,RO,Android Phone,0,someone,Against All Odds,select,,2021-05-14 15:05:32
Ana,RO,Android Phone,0,someone,Newness,select,,2021-05-14 15:05:25
Ana,RO,Android Phone,0,someone,All The Bright Places,play,,2021-05-14 15:04:50
Ana,RO,Android Phone,0,someone,All The Bright Places,select,,2021-05-14 15:04:42
Ana,RO,Android Phone,0,someone,Ibiza,select,,2021-05-14 15:04:34
Ana,RO,Android Phone,0,someone,You Get Me,play,,2021-05-14 15:02:50
Ana,RO,Android Phone,0,someone,You Get Me,play,,2021-05-14 15:02:28
Ana,RO,Android Phone,0,someone,You Get Me,select,,2021-05-14 15:02:21
Ana,RO,Android Phone,0,someone,Someone Great,play,,2021-05-14 14:58:47
Ana,RO,Android Phone,0,someone,Someone Great,select,,2021-05-14 14:58:44
Ana,RO,Android Phone,0,sex educatio,"Sex Education: Season 1: ""Episode 1""",play,,2021-05-03 19:44:00
Ana,RO,Android Phone,0,sex educatio,,add,,2021-05-03 19:43:52
Ana,RO,Android Phone,0,sex educatio,,select,,2021-05-03 19:43:47
Ana,RO,Android Phone,0,sex educatio,,select,,2021-05-03 19:43:36
Ana,RO,Android Phone,0,18+,Liberated: The New Sexual Revolution,select,,2021-04-21 19:05:55
Ana,RO,Android Phone,0,18+,Touch Me Not,select,,2021-04-21 19:05:49
Ana,RO,Android Phone,0,18+,Much Loved,select,,2021-04-21 19:05:46
Ana,RO,Android Phone,0,18+,,select,,2021-04-21 19:05:41
Ana,RO,Android Phone,0,g,"Ginny & Georgia: Season 1: ""Pilot""",play,,2021-04-21 19:02:07
Ana,RO,Android Phone,0,g,,add,,2021-04-21 19:02:05
Ana,RO,Android Phone,0,g,,select,,2021-04-21 19:01:58
Ana,RO,Android Phone,0,,365 Days,select,,2021-04-18 09:05:32
Ana,RO,Android Phone,0,,,select,,2021-04-18 09:05:25
Ana,RO,Android Phone,0,instant fami,Miraculous: Ladybug & Cat Noir: Happy Birthday to You!,select,,2021-02-09 08:28:26
Ana,RO,Android Phone,0,instant fami,Instant Family,play,,2021-02-09 08:27:58
Ana,RO,Android Phone,0,instant fami,Instant Family,select,,2021-02-09 08:27:55
Ana,RO,HTML 5,0,horror,Eerie,play,,2021-02-07 18:01:06
Ana,RO,HTML 5,0,horror,Eerie,play,,2021-02-07 15:31:08
Ana,RO,HTML 5,0,after,,play,,2021-02-07 14:15:30
Ana,RO,HTML 5,0,after,After,play,,2021-02-07 12:24:48
Ana,RO,HTML 5,0,an,Annabelle Comes Home,play,,2021-02-07 10:34:09
Ana,RO,Android Phone,0,the kardashians,"Keeping Up with the Kardashians: Season 4: ""Delivering Baby Mason""",play,,2021-01-29 13:01:51
Ana,RO,Android Phone,0,the kardashians,,select,,2021-01-29 13:01:41
Ana,RO,Android Phone,0,hauntign,,select,,2021-01-24 21:10:54
Ana,RO,HTML 5,0,the conjuring,The Possession,play,,2021-01-24 17:16:42
Ana,RO,HTML 5,0,the conjuring,The Possession,play,,2021-01-24 16:44:18
Ana,RO,HTML 5,0,the conjuring,Friday the 13th,play,,2021-01-24 14:23:38
Ana,RO,Android Phone,0,the r,The Ritual,select,,2021-01-24 13:44:54
Ana,RO,Android Phone,0,the family,,select,,2021-01-22 07:56:08
Ana,RO,Android Phone,0,thor,Extraction,select,,2021-01-21 21:38:15
Ana,RO,Android Phone,0,thor,,select,,2021-01-21 21:37:58
Ana,RO,Android Phone,0,3,3096 Days,play,,2021-01-17 14:09:58
Ana,RO,Android Phone,0,3,3096 Days,select,,2021-01-17 14:09:50
Ana,RO,Android Phone,0,the ritual,1922,select,,2021-01-17 13:01:42
Ana,RO,Android Phone,0,the ritual,Gerald's Game,play,,2021-01-17 12:58:56
Ana,RO,Android Phone,0,the ritual,Gerald's Game,select,,2021-01-17 12:58:52
Ana,RO,Android Phone,0,the ritual,The Ritual,play,,2021-01-17 12:56:30
Ana,RO,Android Phone,0,the ritual,The Ritual,select,,2021-01-17 12:56:26
Ana,RO,Android Phone,0,leg,"LEGO Friends: The Power of Friendship: Season 2: ""Keepin’ It Real""",play,,2021-01-17 09:49:21
Ana,RO,Android Phone,0,leg,,select,,2021-01-17 09:49:18
Ana,RO,Android Phone,0,the cabin in the woods,The Cabin in the Woods,play,,2021-01-17 09:15:36
Ana,RO,Android Phone,0,the cabin in the woods,The Cabin in the Woods,play,,2021-01-17 09:15:29
Ana,RO,Android Phone,0,the cabin in the woods,The Cabin in the Woods,select,,2021-01-17 09:14:50
Ana,RO,Android Phone,0,hoororo,The Ritual,play,,2021-01-16 19:39:44
Ana,RO,Android Phone,0,hoororo,The Ritual,play,,2021-01-16 19:37:12
Ana,RO,Android Phone,0,hoororo,The Ritual,select,,2021-01-16 19:37:01
Ana,RO,Android Phone,0,hoororo,Gerald's Game,select,,2021-01-16 19:36:45
Ana,RO,Android Phone,0,hoororo,Gerald's Game,select,,2021-01-16 19:36:40
Ana,RO,Android Phone,0,hoororo,The Silence,select,,2021-01-16 19:36:29
Ana,RO,Android Phone,0,hoororo,Curse of Chucky,select,,2021-01-16 19:36:22
Ana,RO,Android Phone,0,hoororo,,select,,2021-01-16 19:36:00
Ana,RO,Android Phone,0,ouija,Ouija,play,,2021-01-16 17:45:01
Ana,RO,Android Phone,0,ouija,Ouija,select,,2021-01-16 17:44:59
Ana,RO,Android Phone,0,ouija,Cam,select,,2021-01-16 17:00:03
Ana,RO,Android Phone,0,ouija,Ouija,select,,2021-01-16 16:59:13
Ana,RO,Smart TV,0,paranormal ,Paranormal Activity 2,play,,2021-01-07 16:09:35
Ana,RO,Smart TV,0,paranormal ,Paranormal Activity 2,select,,2021-01-07 16:09:33
Ana,RO,Smart TV,0,paranormal ,Paranormal Activity 4,select,,2021-01-07 16:03:11
Ana,RO,Smart TV,0,paranormal ,Paranormal Activity 2,select,,2021-01-07 16:03:01
Ana,RO,Smart TV,0,paranormal ,Paranormal Activity 3,select,,2021-01-07 16:02:29
Ana,RO,Smart TV,0,paranormal ,Paranormal Activity 4,select,,2021-01-07 16:02:24
Ana,RO,Smart TV,0,paranormal ,Paranormal Activity 2,select,,2021-01-07 16:02:17
Ana,RO,Smart TV,0,paranormal ,Paranormal Activity 2,select,,2021-01-07 16:02:04
Ana,RO,Smart TV,0,paranormal ,,select,,2021-01-07 16:01:49
Ana,RO,Android Phone,0,basic inst,Striptease,select,,2021-01-04 14:11:10
Ana,RO,Android Phone,0,basic inst,White Girl,play,,2021-01-04 14:07:17
Ana,RO,Android Phone,0,basic inst,White Girl,select,,2021-01-04 14:07:09
Ana,RO,Android Phone,0,18+ horror,Seed of Chucky,select,,2021-01-02 22:02:57
Ana,RO,Android Phone,0,18+ horror,Veronica,select,,2021-01-02 22:02:55
Ana,RO,Android Phone,0,18+ horror,Nobody Sleeps in the Woods Tonight,select,,2021-01-02 22:02:50
Ana,RO,Android Phone,0,18+ horror,Mark of the Devil,select,,2021-01-02 22:02:47
Ana,RO,Android Phone,0,18+ horror,Cam,select,,2021-01-02 22:02:45
Ana,RO,Android Phone,0,18+ horror,Before I Wake,select,,2021-01-02 22:02:43
Ana,RO,Android Phone,0,18+ horror,Day of the Dead: Bloodline,select,,2021-01-02 22:02:36
Ana,RO,Android Phone,0,18+ horror,Final Girl,select,,2021-01-02 22:02:34
Ana,RO,Android Phone,0,18+ horror,Wounds,select,,2021-01-02 22:02:32
Ana,RO,Android Phone,0,18+ horror,Gerald's Game,select,,2021-01-02 22:02:28
Ana,RO,Android Phone,0,18+ horror,The Open House,select,,2021-01-02 22:02:24
Ana,RO,Android Phone,0,18+ horror,Sabrina,select,,2021-01-02 22:02:22
Ana,RO,Android Phone,0,18+ horror,The Cabin in the Woods,select,,2021-01-02 22:02:20
Ana,RO,Android Phone,0,18+ horror,Blumhouse's Truth or Dare: Extended Director's Cut,select,,2021-01-02 22:02:17
Ana,RO,Android Phone,0,18+ horror,The Possession,select,,2021-01-02 22:02:15
Ana,RO,Android Phone,0,18+ horror,The Bye Bye Man,select,,2021-01-02 22:02:12
Ana,RO,Android Phone,0,18+ horror,Texas Chainsaw,select,,2021-01-02 22:02:09
Ana,RO,Android Phone,0,18+ horror,The Invitation,select,,2021-01-02 22:02:06
Ana,RO,Android Phone,0,18+ horror,Ghost Stories,select,,2021-01-02 22:02:03
Ana,RO,Android Phone,0,18+ horror,The Influence,select,,2021-01-02 22:02:00
Ana,RO,Android Phone,0,18+ horror,Jaoon Kahan Bata Ae Dil,select,,2021-01-02 22:01:58
Ana,RO,Android Phone,0,18+ horror,Hostel,select,,2021-01-02 22:01:23
Ana,RO,Android Phone,0,18+ horror,Miami Bici,select,,2021-01-02 22:01:21
Ana,RO,Android Phone,0,18+ horror,Apostle,select,,2021-01-02 22:01:17
Ana,RO,Android Phone,0,18+,Hot Girls Wanted,select,,2020-12-27 21:01:48
Ana,RO,Android Phone,0,18+,Hot Girls Wanted,select,,2020-12-27 21:01:45
Ana,RO,Android Phone,0,18+,Newness,select,,2020-12-27 21:01:41
Ana,RO,Android Phone,0,18+,Jaoon Kahan Bata Ae Dil,select,,2020-12-27 21:01:38
Ana,RO,Android Phone,0,18+,,select,,2020-12-27 21:01:28
Ana,RO,Android Phone,0,18+,"Siffredi Late Night - Hard Academy: Season 1: ""Episode 1""",play,,2020-12-27 20:50:11
Ana,RO,Android Phone,0,18+,"Siffredi Late Night - Hard Academy: Season 1: ""Episode 8""",play,,2020-12-27 20:48:59
Ana,RO,Android Phone,0,18+,,select,,2020-12-27 20:48:36
Ana,RO,Android Phone,0,18+,Open,select,,2020-12-27 20:48:29
Ana,RO,Android Phone,0,18+,,select,,2020-12-27 20:48:27
Ana,RO,Android Phone,0,18+,The Blue Lagoon,select,,2020-12-27 20:48:21
Ana,RO,Android Phone,0,,365 Days,play,,2020-12-24 22:11:40
Ana,RO,Android Phone,0,,365 Days,select,,2020-12-24 22:11:37
Ana,RO,Android Phone,0,3,365 Days,play,,2020-12-23 13:36:35
Ana,RO,Android Phone,0,3,365 Days,play,,2020-12-23 13:33:50
Ana,RO,Android Phone,0,3,365 Days,select,,2020-12-23 13:33:48
Ana,RO,Android Phone,0,bles,The Curse of La Llorona,select,,2020-12-23 13:33:25
Ana,RO,Android Phone,0,bles,,select,,2020-12-23 13:33:11
Ana,RO,Android Phone,0,dark web,Unfriended: Dark Web,play,,2020-12-21 20:54:38
Ana,RO,Android Phone,0,dark web,Unfriended: Dark Web,select,,2020-12-21 20:54:29
Ana,RO,Android Phone,0,room for rent,Blumhouse's Truth or Dare: Extended Director's Cut,select,,2020-12-21 20:42:56
Ana,RO,Android Phone,0,room for rent,The Stepfather,select,,2020-12-21 20:42:54
Ana,RO,Android Phone,0,horror 18+,Jessabelle,select,,2020-12-21 20:39:54
Ana,RO,Android Phone,0,horror 18+,Apostle,select,,2020-12-21 20:39:52
Ana,RO,Android Phone,0,horror 18+,Hostel,select,,2020-12-21 20:39:47
Ana,RO,Android Phone,0,horror 18+,Jigsaw,play,,2020-12-21 20:39:15
Ana,RO,Android Phone,0,horror 18+,Jigsaw,select,,2020-12-21 20:39:08
Ana,RO,Android Phone,0,horror 18+,Cam,select,,2020-12-21 20:39:05
Ana,RO,Android Phone,0,lara,"Lara: Season 1: ""Episode 1""",play,,2020-12-16 07:50:00
Ana,RO,Android Phone,0,lara,,select,,2020-12-16 07:49:38
Ana,RO,Android Phone,0,spin,,select,,2020-12-12 13:44:49
Ana,RO,HTML 5,0,spinning out\\\\,,play,,2020-12-05 18:15:32
Ana,RO,HTML 5,0,spinning out\\\\,,play,,2020-12-05 18:07:57
Ana,RO,Android Phone,0,spinnong out,,add,,2020-12-05 18:00:54
Ana,RO,Android Phone,0,spinnong out,,select,,2020-12-05 18:00:52
Ana,RO,Android Phone,0,lara,Lara - Aribelle si mana destinului,play,,2020-12-03 18:18:21
Ana,RO,Android Phone,0,lara,Lara - Aribelle si mana destinului,select,,2020-12-03 18:18:19
Ana,RO,Android Phone,0,lara,,select,,2020-12-03 18:18:00
Ana,RO,Android Phone,0,lara,Lara - Aribelle si mana destinului,select,,2020-12-03 18:17:53
Ana,RO,Android Phone,0,the legacies,,select,,2020-12-03 18:17:06
Ana,RO,Android Phone,0,spinning out,,select,,2020-12-03 18:16:35
Ana,RO,Android Phone,0,,"The Vampire Diaries: Season 5: ""I Know What You Did Last Summer""",play,,2020-12-03 09:56:19
Ana,RO,Android Phone,0,,"The Vampire Diaries: Season 5: ""I Know What You Did Last Summer""",play,,2020-12-03 09:39:30
Ana,RO,Android Phone,0,,"The Vampire Diaries: Season 4: ""Pictures of You""",play,,2020-12-02 13:31:11
Ana,RO,Android Phone,0,,,select,,2020-12-02 13:31:08
Ana,RO,Android Phone,0,al,All The Bright Places,select,,2020-11-28 20:43:44
Ana,RO,Android Phone,0,al,"Alexa & Katie: Part 1: ""Bad Hair Day""",play,,2020-11-28 20:42:51
Ana,RO,Android Phone,0,al,,select,,2020-11-28 20:42:44
Ana,RO,Android Phone,0,social,The Social Dilemma,play,,2020-11-28 20:40:02
Ana,RO,Android Phone,0,social,The Social Dilemma,select,,2020-11-28 20:39:52
Ana,RO,Android Phone,0,before ,About Time,select,,2020-11-28 20:39:35
Ana,RO,Android Phone,0,before ,Before I Fall,play,,2020-11-28 20:37:50
Ana,RO,Android Phone,0,before ,Before I Fall,select,,2020-11-28 20:37:36
Ana,RO,Android Phone,0,five feet apart,Midnight Sun,select,,2020-11-28 20:37:15
Ana,RO,Android Phone,0,18,King Cobra,play,,2020-11-22 15:23:01
Ana,RO,Android Phone,0,18,King Cobra,select,,2020-11-22 15:22:45
Ana,RO,Android Phone,0,18,The Life Ahead,select,,2020-11-22 15:22:43
Ana,RO,Android Phone,0,18,3096 Days,select,,2020-11-22 15:22:42
Ana,RO,Android Phone,0,18,Jaoon Kahan Bata Ae Dil,select,,2020-11-22 15:22:36
Ana,RO,Android Phone,0,18,Ascharyachakit!,select,,2020-11-22 15:22:34
Ana,RO,Android Phone,0,18,Striptease,select,,2020-11-22 15:22:32
Ana,RO,Android Phone,0,18,,select,,2020-11-22 15:22:28
Ana,RO,Android Phone,0,18,B.A. Pass,select,,2020-11-22 15:22:24
Ana,RO,Android Phone,0,18,,select,,2020-11-22 15:22:11
Ana,RO,Android Phone,0,30,3096 Days,play,,2020-11-22 15:11:10
Ana,RO,Android Phone,0,30,3096 Days,select,,2020-11-22 15:11:03
Ana,RO,Android Phone,0,kissing booth,You Get Me,select,,2020-11-21 23:54:48
Ana,RO,Android Phone,0,kissing booth,The F**k-It List,select,,2020-11-21 23:54:12
Ana,RO,Android Phone,0,kissing booth,The Kissing Booth,select,,2020-11-21 23:44:47
Ana,RO,HTML 5,0,30,3096 Days,play,,2020-11-21 21:34:07
Ana,RO,HTML 5,0,30,3096 Days,play,,2020-11-21 21:33:42
Ana,RO,Android Phone,0,naked,"The Naked Director: Season 1: ""Delusions of Grandeur""",play,,2020-11-17 21:31:29
Ana,RO,Android Phone,0,naked,,select,,2020-11-17 21:31:27
Ana,RO,Android Phone,0,naked,You Don't Mess with the Zohan,select,,2020-11-17 21:31:23
Ana,RO,Android Phone,0,naked,Sextuplets,select,,2020-11-17 21:31:20
Ana,RO,Android Phone,0,18,"The Naked Director: Season 1: ""Blossoming""",play,,2020-11-16 23:19:33
Ana,RO,Android Phone,0,18,,select,,2020-11-16 23:19:30
Ana,RO,Android Phone,0,18,,select,,2020-11-16 23:19:21
Ana,RO,Android Phone,0,the flash,"The Flash: Season 1: ""Pilot""",play,,2020-11-14 18:00:34
Ana,RO,Android Phone,0,the flash,,select,,2020-11-14 18:00:26
Ana,RO,Android Phone,0,18+,"The Naked Director: Season 1: ""Blossoming""",play,,2020-11-13 12:29:58
Ana,RO,Android Phone,0,18+,,select,,2020-11-13 12:29:55
Ana,RO,Android Phone,0,18+,Lang Tong,select,,2020-11-13 12:27:31
Ana,RO,Android Phone,0,18+,The Package,select,,2020-11-13 12:27:25
Ana,RO,Android Phone,0,18,Gerald's Game,select,,2020-11-13 12:27:08
Ana,RO,Android Phone,0,18,Rocco,play,,2020-11-13 12:21:38
Ana,RO,Android Phone,0,18,Rocco,select,,2020-11-13 12:21:35
Ana,RO,Android Phone,0,365,365 Days,play,,2020-11-12 21:36:11
Ana,RO,Android Phone,0,365,365 Days,select,,2020-11-12 21:36:07
Ana,RO,Android Phone,0,18+,,select,,2020-11-12 21:35:42
Ana,RO,Android Phone,0,18+,"The Naked Director: Season 1: ""Blossoming""",play,,2020-11-12 21:24:06
Ana,RO,Android Phone,0,18+,"The Naked Director: Season 1: ""Shake Things Up""",play,,2020-11-12 21:13:54
Ana,RO,Android Phone,0,18+,,select,,2020-11-12 21:13:44
Ana,RO,Android Phone,0,18+,Nasha,select,,2020-11-12 21:13:41
Ana,RO,Android Phone,0,18+,Abzurdah,select,,2020-11-12 21:13:35
Ana,RO,Android Phone,0,18+,Open,select,,2020-11-12 21:13:32
Ana,RO,Android Phone,0,18+,Amar,select,,2020-11-12 21:13:29
Ana,RO,Android Phone,0,18+,"Oh, Ramona!",select,,2020-11-12 21:13:27
Ana,RO,Android Phone,0,18+,B.A. Pass,select,,2020-11-12 21:13:25
Ana,RO,Android Phone,0,18+,"Hot Girls Wanted: Turned On: Season 1: ""Women on Top""",play,,2020-11-12 21:10:53
Ana,RO,Android Phone,0,18+,,select,,2020-11-12 21:10:45
Ana,RO,Android Phone,0,18+,Much Loved,select,,2020-11-12 21:10:43
Ana,RO,Android Phone,0,18+,Rocco,play,,2020-11-12 20:44:59
Ana,RO,Android Phone,0,18+,Rocco,select,,2020-11-12 20:44:47
Ana,RO,Android Phone,0,18+,White Girl,select,,2020-11-12 20:44:45
Ana,RO,Android Phone,0,18+,Newness,select,,2020-11-12 20:44:41
Ana,RO,Android Phone,0,18+,,select,,2020-11-12 20:44:37
Ana,RO,Android Phone,0,18+,18 Presents,select,,2020-11-12 20:44:28
Ana,RO,Android Phone,0,18+,1898: Our Last Men in the Philippines,select,,2020-11-12 20:44:25
Ana,RO,Android Phone,0,18+,SPF-18,select,,2020-11-12 20:44:19
Ana,RO,Android Phone,0,18+,"The Naked Director: Season 1: ""Uncensored""",play,,2020-11-12 13:58:39
Ana,RO,Android Phone,0,18+,"The Naked Director: Season 1: ""The Hidden Side""",play,,2020-11-12 13:50:45
Ana,RO,Android Phone,0,18+,,select,,2020-11-12 13:50:36
Ana,RO,Android Phone,0,sex,,select,,2020-11-12 13:50:20
Ana,RO,Android Phone,0,sex,Much Loved,play,,2020-11-12 13:41:21
Ana,RO,Android Phone,0,sex,Much Loved,select,,2020-11-12 13:41:14
Ana,RO,Android Phone,0,sex,Newness,play,,2020-11-12 13:41:08
Ana,RO,Android Phone,0,sex,Newness,select,,2020-11-12 13:41:05
Ana,RO,Android Phone,0,sex,"Sex, Explained: Limited Series: ""Sexual Fantasies""",play,,2020-11-12 13:38:39
Ana,RO,Android Phone,0,sex,,select,,2020-11-12 13:38:37
Ana,RO,Android Phone,0,sex,Rocco,select,,2020-11-12 13:38:32
Ana,RO,Android Phone,0,sex,Hot Girls Wanted,play,,2020-11-12 13:37:08
Ana,RO,Android Phone,0,sex,Hot Girls Wanted,select,,2020-11-12 13:36:56
Ana,RO,Android Phone,0,sex,"Easy: Season 1: ""The F**king Study""",play,,2020-11-12 13:36:41
Ana,RO,Android Phone,0,sex,,select,,2020-11-12 13:36:35
Ana,RO,Android Phone,0,365,Newness,play,,2020-11-12 13:32:48
Ana,RO,Android Phone,0,365,Newness,select,,2020-11-12 13:32:46
Ana,RO,Android Phone,0,365,,select,,2020-11-12 13:32:40
Ana,RO,Android Phone,0,365,3096 Days,play,,2020-11-12 13:32:21
Ana,RO,Android Phone,0,365,3096 Days,select,,2020-11-12 13:32:11
Ana,RO,Android Phone,0,365,3096 Days,select,,2020-11-12 13:32:09
Ana,RO,Android Phone,0,365,,select,,2020-11-12 13:32:02
Ana,RO,Android Phone,0,365,,select,,2020-11-12 13:31:57
Ana,RO,Android Phone,0,365,365 Days,play,,2020-11-12 13:15:11
Ana,RO,Android Phone,0,365,365 Days,add,,2020-11-12 13:15:01
Ana,RO,Android Phone,0,365,365 Days,play,,2020-11-12 13:14:56
Ana,RO,Android Phone,0,365,365 Days,select,,2020-11-12 13:14:53
Ana,RO,iPad,0,full house,,select,,2020-06-21 17:28:01
Ana,RO,iPad,0,full house,,select,,2020-06-21 17:27:56
Ana,RO,iPad,0,full,,add,,2020-06-21 17:27:16
Ana,RO,iPad,0,full,,select,,2020-06-21 17:27:13
Ana,RO,iPad,0,s,,select,,2020-06-11 21:06:10
Ana,RO,iPad,0,expla,"The Mind, Explained: Season 1: ""Memory""",play,,2020-06-11 21:03:00
Ana,RO,iPad,0,expla,,select,,2020-06-11 21:02:53
Ana,RO,iPad,0,expla,,select,,2020-06-11 21:02:31
Ana,RO,iPad,0,expla,,select,,2020-06-11 21:02:08
Ana,RO,iPad,0,expla,"History 101: Season 1: ""Feminism""",play,,2020-06-11 21:01:52
Ana,RO,iPad,0,expla,,select,,2020-06-11 21:01:46
Ana,RO,iPad,0,expla,,select,,2020-06-11 21:01:13
Ana,RO,Smart TV,0,,Untamed Romania,play,,
Ana,RO,Smart TV,0,fuller house,,play,,
Ana,RO,Smart TV,0,,Untamed Romania,select,,
Ana,RO,Smart TV,0,fuller house,,select,,
Ana,RO,iPad,0,sh,,select,,
Kids,RO,HTML 5,1,barbie,Barbie in a Mermaid Tale,play,title_results,2022-09-10 20:38:04
Kids,RO,HTML 5,1,barbie,Barbie in a Mermaid Tale,play,title_results,2022-09-10 20:38:04
