Esn,Localized Device Description,Device Description,Ip,Country,Region Code Display Name,Near Location,Ts
NFANDROID1-PRV-P-L3-SAMSUSM-S906B-22594-D97D7D489FE713E51C455214A39284569F6A1FEDDC76ED8D6725E1B0C9F01F09,samsung_SM-S906B_chid_111940d0-7b18-11e9-9eff-7b5bbdffb61c,samsung_SM-S906B_chid_111940d0-7b18-11e9-9eff-7b5bbdffb61c,2a02:2f0e:5608:1100:11c3:ae0e:9beb:be45,RO,Iasi,IASI,2023-11-03 08:54:45
NFANDROID1-PRV-P-L3-SAMSUSM-S906B-22594-D97D7D489FE713E51C455214A39284569F6A1FEDDC76ED8D6725E1B0C9F01F09,samsung_SM-S906B_chid_111940d0-7b18-11e9-9eff-7b5bbdffb61c,samsung_SM-S906B_chid_111940d0-7b18-11e9-9eff-7b5bbdffb61c,5.14.133.153,RO,Brasov,BRASOV,2023-11-18 18:46:03
NFANDROID1-PRV-P-L3-SAMSUSM-S906B-22594-D97D7D489FE713E51C455214A39284569F6A1FEDDC76ED8D6725E1B0C9F01F09,samsung_SM-S906B_chid_111940d0-7b18-11e9-9eff-7b5bbdffb61c,samsung_SM-S906B_chid_111940d0-7b18-11e9-9eff-7b5bbdffb61c,5.2.188.93,RO,Iasi,IASI,2023-11-04 11:19:43
NFANDROID1-PRV-P-L3-SAMSUSM-S906B-22594-D97D7D489FE713E51C455214A39284569F6A1FEDDC76ED8D6725E1B0C9F01F09,samsung_SM-S906B_chid_111940d0-7b18-11e9-9eff-7b5bbdffb61c,samsung_SM-S906B_chid_111940d0-7b18-11e9-9eff-7b5bbdffb61c,5.14.131.153,RO,Prahova,PLOIESTI,2023-11-05 08:13:45
NFANDROID1-PRV-P-L3-SAMSUSM-S906B-22594-D97D7D489FE713E51C455214A39284569F6A1FEDDC76ED8D6725E1B0C9F01F09,samsung_SM-S906B_chid_111940d0-7b18-11e9-9eff-7b5bbdffb61c,samsung_SM-S906B_chid_111940d0-7b18-11e9-9eff-7b5bbdffb61c,2a02:2f0e:5e11:5700:16f5:f43d:959d:a131,RO,Iasi,IASI,2023-11-12 17:05:21
NFANDROID1-PRV-P-L3-SAMSUSM-S906B-22594-D97D7D489FE713E51C455214A39284569F6A1FEDDC76ED8D6725E1B0C9F01F09,samsung_SM-S906B_chid_111940d0-7b18-11e9-9eff-7b5bbdffb61c,samsung_SM-S906B_chid_111940d0-7b18-11e9-9eff-7b5bbdffb61c,2a02:2f0e:5e11:5700:a335:7986:411b:84a9,RO,Iasi,IASI,2023-11-18 19:25:00
NFANDROID1-PRV-P-L3-SAMSUSM-S906B-22594-D97D7D489FE713E51C455214A39284569F6A1FEDDC76ED8D6725E1B0C9F01F09,samsung_SM-S906B_chid_111940d0-7b18-11e9-9eff-7b5bbdffb61c,samsung_SM-S906B_chid_111940d0-7b18-11e9-9eff-7b5bbdffb61c,2a02:2f0e:5608:1100:64e5:febc:65a7:fa01,RO,Iasi,IASI,2023-11-08 13:07:03
NFANDROID1-PRV-P-L3-SAMSUSM-S906B-22594-D97D7D489FE713E51C455214A39284569F6A1FEDDC76ED8D6725E1B0C9F01F09,samsung_SM-S906B_chid_111940d0-7b18-11e9-9eff-7b5bbdffb61c,samsung_SM-S906B_chid_111940d0-7b18-11e9-9eff-7b5bbdffb61c,2a02:2f0e:5608:1100:e91f:5ff0:d13c:8738,RO,Iasi,IASI,2023-11-03 17:25:19
NFANDROID1-PRV-P-L3-SAMSUSM-S906B-22594-D97D7D489FE713E51C455214A39284569F6A1FEDDC76ED8D6725E1B0C9F01F09,samsung_SM-S906B_chid_111940d0-7b18-11e9-9eff-7b5bbdffb61c,samsung_SM-S906B_chid_111940d0-7b18-11e9-9eff-7b5bbdffb61c,86.124.125.153,RO,Cluj,DEJ,2023-11-18 18:50:01
NFAPPL-02-IPHONE14=7-550B80EEA574D3356B8E5DF18C73AD63F4A96D6651017AE086C556B8D04E661A,APPLE_iPhone14-7,APPLE_iPhone14-7,2a02:2f0e:5619:c700:fdb9:d82:8b1b:5f83,RO,Iasi,IASI,2023-08-28 20:08:54
NFAPPL-02-IPHONE14=7-550B80EEA574D3356B8E5DF18C73AD63F4A96D6651017AE086C556B8D04E661A,APPLE_iPhone14-7,APPLE_iPhone14-7,2a02:2f0e:5619:c700:2408:5583:cce3:9f22,RO,Iasi,IASI,2023-08-29 21:02:29
LGTV20223=31006203288,LG%20DTV_43UQ75003LF,LG%20DTV_43UQ75003LF,2a02:2f0e:5619:c700:2228:bcff:fe92:ede4,RO,Iasi,IASI,2023-09-01 19:03:17
LGTV20223=31006203288,LG%20DTV_43UQ75003LF,LG%20DTV_43UQ75003LF,82.77.237.94,RO,Iasi,IASI,2023-10-19 15:53:21
LGTV20223=31006203288,LG%20DTV_43UQ75003LF,LG%20DTV_43UQ75003LF,2a02:2f0e:6014:1100:2228:bcff:fe92:ede4,RO,Iasi,IASI,2023-09-11 17:08:03
LGTV20223=31006203288,LG%20DTV_43UQ75003LF,LG%20DTV_43UQ75003LF,2a02:2f0e:600c:1a00:2228:bcff:fe92:ede4,RO,Iasi,IASI,2023-07-29 18:57:53
LGTV20223=31006203288,LG%20DTV_43UQ75003LF,LG%20DTV_43UQ75003LF,2a02:2f0e:5608:1100:2228:bcff:fe92:ede4,RO,Iasi,IASI,2023-11-03 09:26:10
LGTV20223=31006203288,LG%20DTV_43UQ75003LF,LG%20DTV_43UQ75003LF,2a02:2f0e:5815:a400:2228:bcff:fe92:ede4,RO,Iasi,IASI,2023-10-18 19:42:10
LGTV20223=31006203288,LG%20DTV_43UQ75003LF,LG%20DTV_43UQ75003LF,2a02:2f0e:6014:1100:2228:bcff:fe92:ede4,RO,Iasi,IASI,2023-10-15 10:33:25
LGTV20223=31006203288,LG%20DTV_43UQ75003LF,LG%20DTV_43UQ75003LF,81.18.84.139,RO,Iasi,IASI,2023-09-11 17:08:33
LGTV20223=31006203288,LG%20DTV_43UQ75003LF,LG%20DTV_43UQ75003LF,2a02:2f0e:5608:1100:2228:bcff:fe92:ede4,RO,Iasi,IASI,2023-11-19 20:26:52
LGTV20223=31006203288,LG%20DTV_43UQ75003LF,LG%20DTV_43UQ75003LF,2a02:2f0e:5608:1100:2228:bcff:fe92:ede4,RO,Iasi,IASI,2023-10-25 13:13:26
LGTV20223=31006203288,LG%20DTV_43UQ75003LF,LG%20DTV_43UQ75003LF,82.77.245.202,RO,Iasi,IASI,2023-10-26 13:00:51
LGTV20223=31006203288,LG%20DTV_43UQ75003LF,LG%20DTV_43UQ75003LF,2a02:2f0e:5815:a400:2228:bcff:fe92:ede4,RO,Iasi,IASI,2023-10-19 18:15:56
LGTV20223=31006203288,LG%20DTV_43UQ75003LF,LG%20DTV_43UQ75003LF,81.18.84.141,RO,Iasi,IASI,2023-08-02 15:51:24
LGTV20223=31006203288,LG%20DTV_43UQ75003LF,LG%20DTV_43UQ75003LF,2a02:2f0e:5619:c700:2228:bcff:fe92:ede4,RO,Iasi,IASI,2023-08-11 15:59:40
LGTV20223=31006203288,LG%20DTV_43UQ75003LF,LG%20DTV_43UQ75003LF,82.77.245.240,RO,Iasi,IASI,2023-08-14 18:59:38
NFANDROID1-PRV-P-MOTORMOTO=G73=5G-26936-2DC85D9F8750363AD8D925DA25626562B22A1A20E0893D30642C1E786AA80217,motorola_moto g73 5G,motorola_moto g73 5G,2a02:2f0e:5619:c700:8511:dbb8:fe38:434c,RO,Iasi,IASI,2023-08-25 16:19:45
NFANDROID1-PRV-P-MOTORMOTO=G73=5G-26936-2DC85D9F8750363AD8D925DA25626562B22A1A20E0893D30642C1E786AA80217,motorola_moto g73 5G,motorola_moto g73 5G,79.112.94.104,RO,Iasi,GORUNI,2023-08-01 17:24:18
NFANDROID1-PRV-P-MOTORMOTO=G73=5G-26936-2DC85D9F8750363AD8D925DA25626562B22A1A20E0893D30642C1E786AA80217,motorola_moto g73 5G,motorola_moto g73 5G,2a02:2f0e:5619:c700:f5da:7612:f0af:8fe9,RO,Iasi,IASI,2023-08-23 16:51:50
NFANDROID1-PRV-P-MOTORMOTO=G73=5G-26936-2DC85D9F8750363AD8D925DA25626562B22A1A20E0893D30642C1E786AA80217,motorola_moto g73 5G,motorola_moto g73 5G,2a02:2f0e:5619:c700:eb30:9c57:4184:a215,RO,Iasi,IASI,2023-08-25 20:41:22
NFANDROID1-PRV-P-MOTORMOTO=G73=5G-26936-2DC85D9F8750363AD8D925DA25626562B22A1A20E0893D30642C1E786AA80217,motorola_moto g73 5G,motorola_moto g73 5G,2a02:2f0e:5619:c700:d813:e218:5323:94d2,RO,Iasi,IASI,2023-08-11 14:34:22
NFANDROID1-PRV-P-MOTORMOTO=G73=5G-26936-2DC85D9F8750363AD8D925DA25626562B22A1A20E0893D30642C1E786AA80217,motorola_moto g73 5G,motorola_moto g73 5G,5.14.145.66,RO,Bucuresti,BUCHAREST,2023-08-11 13:30:17
NFANDROID1-PRV-P-MOTORMOTO=G73=5G-26936-2DC85D9F8750363AD8D925DA25626562B22A1A20E0893D30642C1E786AA80217,motorola_moto g73 5G,motorola_moto g73 5G,82.77.245.240,RO,Iasi,IASI,2023-08-11 12:18:56
NFANDROID1-PRV-P-MOTORMOTO=G73=5G-26936-2DC85D9F8750363AD8D925DA25626562B22A1A20E0893D30642C1E786AA80217,motorola_moto g73 5G,motorola_moto g73 5G,81.18.84.141,RO,Iasi,IASI,2023-08-04 22:19:33
NFANDROID1-PRV-P-MOTORMOTO=G73=5G-26936-2DC85D9F8750363AD8D925DA25626562B22A1A20E0893D30642C1E786AA80217,motorola_moto g73 5G,motorola_moto g73 5G,2a02:2f0e:5619:c700:d982:7f8:16fa:4b34,RO,Iasi,IASI,2023-08-11 10:22:17
NFANDROID1-PRV-P-MOTORMOTO=G73=5G-26936-2DC85D9F8750363AD8D925DA25626562B22A1A20E0893D30642C1E786AA80217,motorola_moto g73 5G,motorola_moto g73 5G,2a02:2f0e:5619:c700:11f0:4e0d:da38:32b6,RO,Iasi,IASI,2023-08-23 13:47:04
NFANDROID1-PRV-P-MOTORMOTO=G73=5G-26936-2DC85D9F8750363AD8D925DA25626562B22A1A20E0893D30642C1E786AA80217,motorola_moto g73 5G,motorola_moto g73 5G,2a02:2f0e:5619:c700:f454:5db8:d0b3:6f54,RO,Iasi,IASI,2023-08-12 09:36:32
NFANDROID1-PRV-P-MOTORMOTO=G73=5G-26936-2DC85D9F8750363AD8D925DA25626562B22A1A20E0893D30642C1E786AA80217,motorola_moto g73 5G,motorola_moto g73 5G,86.124.125.226,RO,Sibiu,SIBIU,2023-08-18 09:37:06
NFANDROID1-PRV-P-MOTORMOTO=G73=5G-26936-2DC85D9F8750363AD8D925DA25626562B22A1A20E0893D30642C1E786AA80217,motorola_moto g73 5G,motorola_moto g73 5G,86.124.127.226,RO,Sibiu,SIBIU,2023-08-18 10:47:10
NFANDROID1-PRV-P-MOTORMOTO=G73=5G-26936-2DC85D9F8750363AD8D925DA25626562B22A1A20E0893D30642C1E786AA80217,motorola_moto g73 5G,motorola_moto g73 5G,5.14.129.93,RO,Iasi,IASI,2023-08-13 11:17:12
NFANDROID1-PRV-P-MOTORMOTO=G73=5G-26936-2DC85D9F8750363AD8D925DA25626562B22A1A20E0893D30642C1E786AA80217,motorola_moto g73 5G,motorola_moto g73 5G,5.14.139.58,RO,Dolj,CRAIOVA,2023-08-23 14:00:52
NFAPPL-02-IPHONE14=7-12FFA680ED9F59292D907C1FA7B458789E7B17611D7D28DAAB74CC4D5AD891B7,APPLE_iPhone14-7,APPLE_iPhone14-7,2a02:2f0e:5608:1100:ed1d:317:431f:a7f8,RO,Iasi,IASI,2023-11-08 16:16:57
NFAPPL-02-IPHONE14=7-12FFA680ED9F59292D907C1FA7B458789E7B17611D7D28DAAB74CC4D5AD891B7,APPLE_iPhone14-7,APPLE_iPhone14-7,2a02:2f0e:6014:1100:283e:9076:9859:5c96,RO,Iasi,IASI,2023-10-14 19:03:01
NFAPPL-02-IPHONE14=7-12FFA680ED9F59292D907C1FA7B458789E7B17611D7D28DAAB74CC4D5AD891B7,APPLE_iPhone14-7,APPLE_iPhone14-7,2a02:2f0e:5608:1100:1020:705f:163:a3ef,RO,Iasi,IASI,2023-11-12 14:11:40
NFAPPL-02-IPHONE14=7-12FFA680ED9F59292D907C1FA7B458789E7B17611D7D28DAAB74CC4D5AD891B7,APPLE_iPhone14-7,APPLE_iPhone14-7,5.14.132.4,RO,Cluj,TURDA,2023-11-20 06:25:28
NFAPPL-02-IPHONE14=7-12FFA680ED9F59292D907C1FA7B458789E7B17611D7D28DAAB74CC4D5AD891B7,APPLE_iPhone14-7,APPLE_iPhone14-7,2a02:2f0e:6014:1100:b0bd:5abb:2162:fd2d,RO,Iasi,IASI,2023-09-18 19:39:35
NFAPPL-02-IPHONE14=7-12FFA680ED9F59292D907C1FA7B458789E7B17611D7D28DAAB74CC4D5AD891B7,APPLE_iPhone14-7,APPLE_iPhone14-7,2a02:2f0e:5619:c700:40b5:2d20:b6d0:8ca1,RO,Iasi,IASI,2023-09-03 22:48:23
NFAPPL-02-IPHONE14=7-12FFA680ED9F59292D907C1FA7B458789E7B17611D7D28DAAB74CC4D5AD891B7,APPLE_iPhone14-7,APPLE_iPhone14-7,2a02:2f0e:5815:a400:bd09:69b8:d7f7:96b4,RO,Iasi,IASI,2023-10-17 17:33:57
NFAPPL-02-IPHONE14=7-12FFA680ED9F59292D907C1FA7B458789E7B17611D7D28DAAB74CC4D5AD891B7,APPLE_iPhone14-7,APPLE_iPhone14-7,2a02:2f0e:6014:1100:14c4:1233:c6a8:6bc8,RO,Iasi,IASI,2023-10-04 17:41:59
NFAPPL-02-IPHONE14=7-12FFA680ED9F59292D907C1FA7B458789E7B17611D7D28DAAB74CC4D5AD891B7,APPLE_iPhone14-7,APPLE_iPhone14-7,2a02:2f0e:6014:1100:604f:987d:8a94:90d0,RO,Iasi,IASI,2023-09-30 13:28:03
NFAPPL-02-IPHONE14=7-12FFA680ED9F59292D907C1FA7B458789E7B17611D7D28DAAB74CC4D5AD891B7,APPLE_iPhone14-7,APPLE_iPhone14-7,5.14.130.54,RO,Gorj,TARGU JIU,2023-10-20 11:04:58
NFAPPL-02-IPHONE14=7-12FFA680ED9F59292D907C1FA7B458789E7B17611D7D28DAAB74CC4D5AD891B7,APPLE_iPhone14-7,APPLE_iPhone14-7,5.14.131.96,RO,Bucuresti,BUCHAREST,2023-09-12 09:41:35
NFAPPL-02-IPHONE14=7-12FFA680ED9F59292D907C1FA7B458789E7B17611D7D28DAAB74CC4D5AD891B7,APPLE_iPhone14-7,APPLE_iPhone14-7,2a02:2f0e:5815:a400:1c3c:e88e:b07c:4cd6,RO,Iasi,IASI,2023-10-22 19:20:05
NFAPPL-02-IPHONE14=7-12FFA680ED9F59292D907C1FA7B458789E7B17611D7D28DAAB74CC4D5AD891B7,APPLE_iPhone14-7,APPLE_iPhone14-7,2a02:2f0e:5815:a400:1f6:fab9:8d4d:f108,RO,Iasi,IASI,2023-10-18 14:18:39
NFAPPL-02-IPHONE14=7-12FFA680ED9F59292D907C1FA7B458789E7B17611D7D28DAAB74CC4D5AD891B7,APPLE_iPhone14-7,APPLE_iPhone14-7,2a02:2f0e:6014:1100:4dbb:8ebf:2e9b:d88a,RO,Iasi,IASI,2023-09-12 15:32:57
NFAPPL-02-IPHONE14=7-12FFA680ED9F59292D907C1FA7B458789E7B17611D7D28DAAB74CC4D5AD891B7,APPLE_iPhone14-7,APPLE_iPhone14-7,82.76.106.179,RO,Maramures,BAIA MARE,2023-11-13 10:52:19
NFAPPL-02-IPHONE14=7-12FFA680ED9F59292D907C1FA7B458789E7B17611D7D28DAAB74CC4D5AD891B7,APPLE_iPhone14-7,APPLE_iPhone14-7,2a02:2f0e:5608:1100:eda4:8bf6:fb3:27d6,RO,Iasi,IASI,2023-11-20 22:17:52
NFAPPL-02-IPHONE14=7-12FFA680ED9F59292D907C1FA7B458789E7B17611D7D28DAAB74CC4D5AD891B7,APPLE_iPhone14-7,APPLE_iPhone14-7,2a02:2f0e:5619:c700:688d:f007:ea74:79af,RO,Iasi,IASI,2023-09-05 19:30:54
NFAPPL-02-IPHONE14=7-12FFA680ED9F59292D907C1FA7B458789E7B17611D7D28DAAB74CC4D5AD891B7,APPLE_iPhone14-7,APPLE_iPhone14-7,2a02:2f0e:6014:1100:74da:cb5b:e65:843,RO,Iasi,IASI,2023-09-13 17:23:13
NFAPPL-02-IPHONE14=7-12FFA680ED9F59292D907C1FA7B458789E7B17611D7D28DAAB74CC4D5AD891B7,APPLE_iPhone14-7,APPLE_iPhone14-7,2a02:2f0e:6014:1100:a409:ac35:b2a:f6d0,RO,Iasi,IASI,2023-09-11 15:58:54
NFAPPL-02-IPHONE14=7-12FFA680ED9F59292D907C1FA7B458789E7B17611D7D28DAAB74CC4D5AD891B7,APPLE_iPhone14-7,APPLE_iPhone14-7,5.14.131.196,RO,Iasi,IASI,2023-10-31 17:27:41
NFAPPL-02-IPHONE14=7-12FFA680ED9F59292D907C1FA7B458789E7B17611D7D28DAAB74CC4D5AD891B7,APPLE_iPhone14-7,APPLE_iPhone14-7,86.124.114.133,RO,Brasov,TOHANU NOU,2023-09-24 09:54:42
NFAPPL-02-IPHONE14=7-12FFA680ED9F59292D907C1FA7B458789E7B17611D7D28DAAB74CC4D5AD891B7,APPLE_iPhone14-7,APPLE_iPhone14-7,2a02:2f0e:5608:1100:45b:f0f9:bafb:dbb1,RO,Iasi,IASI,2023-11-18 18:58:21
NFAPPL-02-IPHONE14=7-12FFA680ED9F59292D907C1FA7B458789E7B17611D7D28DAAB74CC4D5AD891B7,APPLE_iPhone14-7,APPLE_iPhone14-7,5.14.139.254,RO,Constanta,CONSTANTA,2023-10-16 10:16:14
NFAPPL-02-IPHONE14=7-12FFA680ED9F59292D907C1FA7B458789E7B17611D7D28DAAB74CC4D5AD891B7,APPLE_iPhone14-7,APPLE_iPhone14-7,2a02:2f0e:5608:1100:b1e0:f278:4210:49a2,RO,Iasi,IASI,2023-11-21 17:54:09
NFAPPL-02-IPHONE14=7-12FFA680ED9F59292D907C1FA7B458789E7B17611D7D28DAAB74CC4D5AD891B7,APPLE_iPhone14-7,APPLE_iPhone14-7,5.14.143.254,RO,Constanta,CONSTANTA,2023-10-16 05:26:28
NFAPPL-02-IPHONE14=7-12FFA680ED9F59292D907C1FA7B458789E7B17611D7D28DAAB74CC4D5AD891B7,APPLE_iPhone14-7,APPLE_iPhone14-7,2a02:2f0e:6014:1100:54d9:a33e:3f06:895,RO,Iasi,IASI,2023-10-13 17:55:46
NFAPPL-02-IPHONE14=7-12FFA680ED9F59292D907C1FA7B458789E7B17611D7D28DAAB74CC4D5AD891B7,APPLE_iPhone14-7,APPLE_iPhone14-7,2a02:2f0e:5815:a400:c57:7229:f133:6e93,RO,Iasi,IASI,2023-10-17 15:46:49
NFAPPL-02-IPHONE14=7-12FFA680ED9F59292D907C1FA7B458789E7B17611D7D28DAAB74CC4D5AD891B7,APPLE_iPhone14-7,APPLE_iPhone14-7,2a02:2f0e:5608:1100:b904:a004:1534:97bc,RO,Iasi,IASI,2023-11-05 18:56:09
NFAPPL-02-IPHONE14=7-12FFA680ED9F59292D907C1FA7B458789E7B17611D7D28DAAB74CC4D5AD891B7,APPLE_iPhone14-7,APPLE_iPhone14-7,2a02:2f0e:5815:a400:987:363e:9ab7:67c4,RO,Iasi,IASI,2023-10-19 14:15:16
NFAPPL-02-IPHONE14=7-12FFA680ED9F59292D907C1FA7B458789E7B17611D7D28DAAB74CC4D5AD891B7,APPLE_iPhone14-7,APPLE_iPhone14-7,5.14.145.254,RO,Sibiu,SIBIU,2023-10-16 05:26:32
NFAPPL-02-IPHONE14=7-12FFA680ED9F59292D907C1FA7B458789E7B17611D7D28DAAB74CC4D5AD891B7,APPLE_iPhone14-7,APPLE_iPhone14-7,5.14.139.254,RO,Bucuresti,BUCHAREST,2023-10-11 12:55:08
NFAPPL-02-IPHONE14=7-12FFA680ED9F59292D907C1FA7B458789E7B17611D7D28DAAB74CC4D5AD891B7,APPLE_iPhone14-7,APPLE_iPhone14-7,82.77.245.202,RO,Iasi,IASI,2023-11-08 13:59:56
NFAPPL-02-IPHONE14=7-12FFA680ED9F59292D907C1FA7B458789E7B17611D7D28DAAB74CC4D5AD891B7,APPLE_iPhone14-7,APPLE_iPhone14-7,2a02:2f0e:5619:c700:e003:8df4:26f3:4eed,RO,Iasi,IASI,2023-09-02 18:53:18
NFAPPL-02-IPHONE14=7-12FFA680ED9F59292D907C1FA7B458789E7B17611D7D28DAAB74CC4D5AD891B7,APPLE_iPhone14-7,APPLE_iPhone14-7,2a02:2f0e:5608:1100:b9ec:e9e2:8ab2:3b47,RO,Iasi,IASI,2023-11-03 16:36:44
NFAPPL-02-IPHONE14=7-12FFA680ED9F59292D907C1FA7B458789E7B17611D7D28DAAB74CC4D5AD891B7,APPLE_iPhone14-7,APPLE_iPhone14-7,5.14.142.232,RO,Maramures,ILBA,2023-11-08 13:17:45
NFAPPL-02-IPHONE14=7-12FFA680ED9F59292D907C1FA7B458789E7B17611D7D28DAAB74CC4D5AD891B7,APPLE_iPhone14-7,APPLE_iPhone14-7,2a02:2f0e:5608:1100:5d39:2164:a62a:f5ad,RO,Iasi,IASI,2023-11-02 23:53:52
NFAPPL-02-IPHONE14=7-12FFA680ED9F59292D907C1FA7B458789E7B17611D7D28DAAB74CC4D5AD891B7,APPLE_iPhone14-7,APPLE_iPhone14-7,2a02:2f0e:5608:1100:4cae:6c12:13b8:c2c3,RO,Iasi,IASI,2023-10-27 17:51:32
NFAPPL-02-IPHONE14=7-12FFA680ED9F59292D907C1FA7B458789E7B17611D7D28DAAB74CC4D5AD891B7,APPLE_iPhone14-7,APPLE_iPhone14-7,5.14.139.11,RO,Galati,GALATI,2023-10-22 15:44:38
NFAPPL-02-IPHONE14=7-12FFA680ED9F59292D907C1FA7B458789E7B17611D7D28DAAB74CC4D5AD891B7,APPLE_iPhone14-7,APPLE_iPhone14-7,2a02:2f0e:5608:1100:29e6:89f8:7155:a11a,RO,Iasi,IASI,2023-11-17 14:25:07
NFAPPL-02-IPHONE14=7-12FFA680ED9F59292D907C1FA7B458789E7B17611D7D28DAAB74CC4D5AD891B7,APPLE_iPhone14-7,APPLE_iPhone14-7,2a02:2f0e:5608:1100:a177:974f:e054:2810,RO,Iasi,IASI,2023-11-07 21:19:49
NFAPPL-02-IPHONE14=7-12FFA680ED9F59292D907C1FA7B458789E7B17611D7D28DAAB74CC4D5AD891B7,APPLE_iPhone14-7,APPLE_iPhone14-7,2a02:2f0e:5815:a400:454b:a0cd:5f05:2f13,RO,Iasi,IASI,2023-10-18 08:46:55
NFAPPL-02-IPHONE14=7-12FFA680ED9F59292D907C1FA7B458789E7B17611D7D28DAAB74CC4D5AD891B7,APPLE_iPhone14-7,APPLE_iPhone14-7,2a02:2f0e:5815:a400:1928:9163:469f:6af0,RO,Iasi,IASI,2023-10-23 11:57:27
NFAPPL-02-IPHONE14=7-12FFA680ED9F59292D907C1FA7B458789E7B17611D7D28DAAB74CC4D5AD891B7,APPLE_iPhone14-7,APPLE_iPhone14-7,2a02:2f0e:5608:1100:70d8:ccee:9953:94c9,RO,Iasi,IASI,2023-10-25 11:40:50
NFAPPL-02-IPHONE14=7-12FFA680ED9F59292D907C1FA7B458789E7B17611D7D28DAAB74CC4D5AD891B7,APPLE_iPhone14-7,APPLE_iPhone14-7,2a02:2f0e:6014:1100:f923:98f5:8311:f471,RO,Iasi,IASI,2023-10-14 18:16:40
NFAPPL-02-IPHONE14=7-12FFA680ED9F59292D907C1FA7B458789E7B17611D7D28DAAB74CC4D5AD891B7,APPLE_iPhone14-7,APPLE_iPhone14-7,2a02:2f0e:6014:1100:78ea:340b:b57c:5e8b,RO,Iasi,IASI,2023-09-11 14:39:46
NFAPPL-02-IPHONE14=7-12FFA680ED9F59292D907C1FA7B458789E7B17611D7D28DAAB74CC4D5AD891B7,APPLE_iPhone14-7,APPLE_iPhone14-7,2a02:2f0e:5608:1100:388d:3fc5:5874:637,RO,Iasi,IASI,2023-11-14 14:42:26
NFAPPL-02-IPHONE14=7-12FFA680ED9F59292D907C1FA7B458789E7B17611D7D28DAAB74CC4D5AD891B7,APPLE_iPhone14-7,APPLE_iPhone14-7,2a02:2f0e:5608:1100:e8d2:dc5b:5bb8:ab60,RO,Iasi,IASI,2023-11-22 22:01:39
NFAPPL-02-IPHONE14=7-12FFA680ED9F59292D907C1FA7B458789E7B17611D7D28DAAB74CC4D5AD891B7,APPLE_iPhone14-7,APPLE_iPhone14-7,2a02:2f0e:5608:1100:740d:e6f5:90a5:67ab,RO,Iasi,IASI,2023-11-12 19:54:22
NFAPPL-02-IPHONE14=7-12FFA680ED9F59292D907C1FA7B458789E7B17611D7D28DAAB74CC4D5AD891B7,APPLE_iPhone14-7,APPLE_iPhone14-7,2a02:2f0e:5608:1100:f554:91ba:17a8:e0ee,RO,Iasi,IASI,2023-11-04 22:54:42
NFAPPL-02-IPHONE14=7-12FFA680ED9F59292D907C1FA7B458789E7B17611D7D28DAAB74CC4D5AD891B7,APPLE_iPhone14-7,APPLE_iPhone14-7,2a02:2f0e:5608:1100:7cf4:8b13:594a:655c,RO,Iasi,IASI,2023-11-08 11:10:04
NFAPPL-02-IPHONE14=7-12FFA680ED9F59292D907C1FA7B458789E7B17611D7D28DAAB74CC4D5AD891B7,APPLE_iPhone14-7,APPLE_iPhone14-7,2a02:2f0e:6014:1100:69c1:3c8e:e4:aa0e,RO,Iasi,IASI,2023-09-08 16:49:53
NFAPPL-02-IPHONE14=7-12FFA680ED9F59292D907C1FA7B458789E7B17611D7D28DAAB74CC4D5AD891B7,APPLE_iPhone14-7,APPLE_iPhone14-7,2a02:2f0e:5608:1100:b9a4:6625:58cb:c7a8,RO,Iasi,IASI,2023-10-28 18:57:04
NFAPPL-02-IPHONE14=7-12FFA680ED9F59292D907C1FA7B458789E7B17611D7D28DAAB74CC4D5AD891B7,APPLE_iPhone14-7,APPLE_iPhone14-7,2a02:2f0e:5608:1100:3960:a21d:4239:219e,RO,Iasi,IASI,2023-10-26 12:00:50
NFAPPL-02-IPHONE14=7-12FFA680ED9F59292D907C1FA7B458789E7B17611D7D28DAAB74CC4D5AD891B7,APPLE_iPhone14-7,APPLE_iPhone14-7,109.102.122.239,RO,Iasi,IASI,2023-10-16 10:35:08
NFAPPL-02-IPHONE14=7-12FFA680ED9F59292D907C1FA7B458789E7B17611D7D28DAAB74CC4D5AD891B7,APPLE_iPhone14-7,APPLE_iPhone14-7,2a02:2f0e:5608:1100:1dc8:7c1:92a4:c57f,RO,Iasi,IASI,2023-11-08 21:01:13
NFAPPL-02-IPHONE14=7-12FFA680ED9F59292D907C1FA7B458789E7B17611D7D28DAAB74CC4D5AD891B7,APPLE_iPhone14-7,APPLE_iPhone14-7,2a02:2f0e:5619:c700:b9f3:b753:4b3c:fed0,RO,Iasi,IASI,2023-09-05 19:50:19
NFAPPL-02-IPHONE14=7-12FFA680ED9F59292D907C1FA7B458789E7B17611D7D28DAAB74CC4D5AD891B7,APPLE_iPhone14-7,APPLE_iPhone14-7,2a02:2f0e:5608:1100:b0bc:c259:39ff:297c,RO,Iasi,IASI,2023-11-19 18:01:06
NFAPPL-02-IPHONE14=7-12FFA680ED9F59292D907C1FA7B458789E7B17611D7D28DAAB74CC4D5AD891B7,APPLE_iPhone14-7,APPLE_iPhone14-7,5.14.133.9,RO,Prahova,PLOIESTI,2023-10-20 14:08:12
NFAPPL-02-IPHONE14=7-12FFA680ED9F59292D907C1FA7B458789E7B17611D7D28DAAB74CC4D5AD891B7,APPLE_iPhone14-7,APPLE_iPhone14-7,2a02:2f0e:6014:1100:7cbc:1b68:620a:3af1,RO,Iasi,IASI,2023-09-19 19:25:24
NFAPPL-02-IPHONE14=7-12FFA680ED9F59292D907C1FA7B458789E7B17611D7D28DAAB74CC4D5AD891B7,APPLE_iPhone14-7,APPLE_iPhone14-7,2a02:2f0e:510f:f300:29ce:3da:af65:7117,RO,Iasi,IASI,2023-10-24 15:03:42
NFAPPL-02-IPHONE14=7-12FFA680ED9F59292D907C1FA7B458789E7B17611D7D28DAAB74CC4D5AD891B7,APPLE_iPhone14-7,APPLE_iPhone14-7,5.14.130.38,RO,Iasi,IASI,2023-10-18 08:41:25
NFAPPL-02-IPHONE14=7-12FFA680ED9F59292D907C1FA7B458789E7B17611D7D28DAAB74CC4D5AD891B7,APPLE_iPhone14-7,APPLE_iPhone14-7,2a02:2f0e:6014:1100:5c2a:f641:de86:2ccc,RO,Iasi,IASI,2023-09-24 16:08:55
NFAPPL-02-IPHONE14=7-12FFA680ED9F59292D907C1FA7B458789E7B17611D7D28DAAB74CC4D5AD891B7,APPLE_iPhone14-7,APPLE_iPhone14-7,2a02:2f0e:6014:1100:84c:717f:97fd:5ece,RO,Iasi,IASI,2023-09-11 16:59:26
NFAPPL-02-IPHONE14=7-12FFA680ED9F59292D907C1FA7B458789E7B17611D7D28DAAB74CC4D5AD891B7,APPLE_iPhone14-7,APPLE_iPhone14-7,2a02:2f0e:5608:1100:e5ec:d1d5:fbb1:18a1,RO,Iasi,IASI,2023-11-09 17:12:36
NFAPPL-02-IPHONE14=7-12FFA680ED9F59292D907C1FA7B458789E7B17611D7D28DAAB74CC4D5AD891B7,APPLE_iPhone14-7,APPLE_iPhone14-7,2a02:2f0e:6014:1100:6d65:1546:1791:31d6,RO,Iasi,IASI,2023-09-24 10:37:45
NFAPPL-02-IPHONE14=7-12FFA680ED9F59292D907C1FA7B458789E7B17611D7D28DAAB74CC4D5AD891B7,APPLE_iPhone14-7,APPLE_iPhone14-7,2a02:2f0e:5619:c700:f8ce:1bdf:dd49:8948,RO,Iasi,IASI,2023-09-05 17:11:50
NFAPPL-02-IPHONE14=7-12FFA680ED9F59292D907C1FA7B458789E7B17611D7D28DAAB74CC4D5AD891B7,APPLE_iPhone14-7,APPLE_iPhone14-7,2a02:2f0e:6014:1100:6d67:2e75:b967:4047,RO,Iasi,IASI,2023-09-26 14:13:29
NFAPPL-02-IPHONE14=7-12FFA680ED9F59292D907C1FA7B458789E7B17611D7D28DAAB74CC4D5AD891B7,APPLE_iPhone14-7,APPLE_iPhone14-7,2a02:2f0e:5608:1100:e82a:d895:a2a:a474,RO,Iasi,IASI,2023-10-26 20:34:41
NFAPPL-02-IPHONE14=7-12FFA680ED9F59292D907C1FA7B458789E7B17611D7D28DAAB74CC4D5AD891B7,APPLE_iPhone14-7,APPLE_iPhone14-7,86.124.124.54,RO,Bihor,ORADEA,2023-10-20 11:05:41
LGTV20213=31006373275,LG DTV_43NANO753PR,LG DTV_43NANO753PR,82.77.245.202,RO,Iasi,IASI,2023-11-18 18:01:59
LGTV20213=31006373275,LG DTV_43NANO753PR,LG DTV_43NANO753PR,2a02:2f0e:600e:2800:c2d7:aaff:fe89:2ee0,RO,Iasi,IASI,2023-07-29 11:25:50
LGTV20213=31006373275,LG DTV_43NANO753PR,LG DTV_43NANO753PR,2a02:2f0e:600c:1a00:c2d7:aaff:fe89:2ee0,RO,Iasi,IASI,2023-07-29 11:26:03
LGTV20213=31006373275,LG DTV_43NANO753PR,LG DTV_43NANO753PR,81.18.84.139,RO,Iasi,IASI,2023-09-07 06:00:27
LGTV20213=31006373275,LG DTV_43NANO753PR,LG DTV_43NANO753PR,82.77.245.240,RO,Iasi,IASI,2023-08-14 15:14:30
LGTV20213=31006373275,LG DTV_43NANO753PR,LG DTV_43NANO753PR,81.18.84.129,RO,Iasi,IASI,2023-07-15 08:22:57
LGTV20213=31006373275,LG DTV_43NANO753PR,LG DTV_43NANO753PR,2a02:2f0e:5815:a400:c2d7:aaff:fe89:2ee0,RO,Iasi,IASI,2023-10-16 17:25:28
LGTV20213=31006373275,LG DTV_43NANO753PR,LG DTV_43NANO753PR,2a02:2f0e:5619:c700:c2d7:aaff:fe89:2ee0,RO,Iasi,IASI,2023-08-11 05:10:07
LGTV20213=31006373275,LG DTV_43NANO753PR,LG DTV_43NANO753PR,2a02:2f0e:6014:1100:c2d7:aaff:fe89:2ee0,RO,Iasi,IASI,2023-09-06 13:45:11
LGTV20213=31006373275,LG DTV_43NANO753PR,LG DTV_43NANO753PR,2a02:2f0e:5505:5200:c2d7:aaff:fe89:2ee0,RO,Iasi,IASI,2023-07-23 14:05:42
LGTV20213=31006373275,LG DTV_43NANO753PR,LG DTV_43NANO753PR,2a02:2f0e:510f:f300:c2d7:aaff:fe89:2ee0,RO,Iasi,IASI,2023-10-24 16:15:36
LGTV20213=31006373275,LG DTV_43NANO753PR,LG DTV_43NANO753PR,2a02:2f0e:5608:1100:c2d7:aaff:fe89:2ee0,RO,Iasi,IASI,2023-10-26 20:08:33
LGTV20213=31006373275,LG DTV_43NANO753PR,LG DTV_43NANO753PR,82.77.245.202,RO,Iasi,IASI,2023-11-14 15:28:02
LGTV20213=31006373275,LG DTV_43NANO753PR,LG DTV_43NANO753PR,81.18.84.141,RO,Iasi,IASI,2023-07-31 08:34:43
LGTV20213=31006373275,LG DTV_43NANO753PR,LG DTV_43NANO753PR,2a02:2f0e:6000:9e00:c2d7:aaff:fe89:2ee0,RO,Iasi,IASI,2023-07-10 18:35:48
LGTV20213=31006373275,LG DTV_43NANO753PR,LG DTV_43NANO753PR,82.77.237.94,RO,Iasi,IASI,2023-10-16 18:48:36
LGTV20213=31006373275,LG DTV_43NANO753PR,LG DTV_43NANO753PR,2a02:2f0e:5616:f500:c2d7:aaff:fe89:2ee0,RO,Iasi,IASI,2023-01-21 14:40:12
LGTV20213=31006373275,LG DTV_43NANO753PR,LG DTV_43NANO753PR,82.77.245.154,RO,Iasi,IASI,2023-07-26 17:48:53
LGTV20213=31006373275,LG DTV_43NANO753PR,LG DTV_43NANO753PR,2a02:2f0e:5608:1100:c2d7:aaff:fe89:2ee0,RO,Iasi,IASI,2023-11-18 18:01:55
LGTV20213=31006373275,LG DTV_43NANO753PR,LG DTV_43NANO753PR,81.18.84.55,RO,Iasi,IASI,2023-10-24 16:18:59
NFCDCH-02-HZA5WQ28C05KA4CAHH4GKX5XD9WW2E,chrome-cadmium,chrome-cadmium,2a02:2f0e:5616:f500:89a8:7c6d:3494:2acb,RO,Iasi,IASI,2023-01-21 09:57:16
NFCDCH-02-HZA5WQ28C05KA4CAHH4GKX5XD9WW2E,chrome-cadmium,chrome-cadmium,2a02:2f0e:6000:9e00:b0b7:92ad:a3af:a2bc,RO,Iasi,IASI,2023-07-10 18:34:35
NFANDROID1-PRV-P-L3-SAMSUSM-G960F-22585-9BCEC692066A53B270D956636D77E347CDA5398BA61FD6F0C98956D5B2C05214,samsung_SM-G960F,samsung_SM-G960F,86.124.127.230,RO,Alba,ROSIA DE SECAS,2023-07-14 14:03:06
NFANDROID1-PRV-P-L3-SAMSUSM-G960F-22585-9BCEC692066A53B270D956636D77E347CDA5398BA61FD6F0C98956D5B2C05214,samsung_SM-G960F,samsung_SM-G960F,5.14.142.212,RO,Iasi,IASI,2023-07-13 21:02:10
NFANDROID1-PRV-P-L3-SAMSUSM-G960F-22585-9BCEC692066A53B270D956636D77E347CDA5398BA61FD6F0C98956D5B2C05214,samsung_SM-G960F,samsung_SM-G960F,2a02:2f0e:620c:9f00:7c9e:9333:fc75:cd55,RO,Iasi,IASI,2023-08-09 18:22:57
NFANDROID1-PRV-P-L3-SAMSUSM-G960F-22585-9BCEC692066A53B270D956636D77E347CDA5398BA61FD6F0C98956D5B2C05214,samsung_SM-G960F,samsung_SM-G960F,5.14.132.7,RO,Bucuresti,BUCHAREST,2023-08-01 07:26:39
NFANDROID1-PRV-P-L3-SAMSUSM-G960F-22585-9BCEC692066A53B270D956636D77E347CDA5398BA61FD6F0C98956D5B2C05214,samsung_SM-G960F,samsung_SM-G960F,2a02:2f0e:6000:9e00:9cf3:3552:4915:c0ae,RO,Iasi,IASI,2023-07-10 18:37:29
NFANDROID1-PRV-P-L3-SAMSUSM-G960F-22585-9BCEC692066A53B270D956636D77E347CDA5398BA61FD6F0C98956D5B2C05214,samsung_SM-G960F,samsung_SM-G960F,82.77.245.240,RO,Iasi,IASI,2023-08-14 12:28:25
NFANDROID1-PRV-P-L3-SAMSUSM-G960F-22585-9BCEC692066A53B270D956636D77E347CDA5398BA61FD6F0C98956D5B2C05214,samsung_SM-G960F,samsung_SM-G960F,5.14.154.208,RO,Bucuresti,BUCHAREST,2023-07-29 20:38:40
NFANDROID1-PRV-P-L3-SAMSUSM-G960F-22585-9BCEC692066A53B270D956636D77E347CDA5398BA61FD6F0C98956D5B2C05214,samsung_SM-G960F,samsung_SM-G960F,5.14.129.230,RO,Alba,ROSIA DE SECAS,2023-07-14 14:54:43
NFANDROID1-PRV-P-L3-SAMSUSM-G960F-22585-9BCEC692066A53B270D956636D77E347CDA5398BA61FD6F0C98956D5B2C05214,samsung_SM-G960F,samsung_SM-G960F,89.45.205.11,RO,Iasi,IASI,2023-07-12 09:47:48
NFANDROID1-PRV-P-L3-SAMSUSM-G960F-22585-9BCEC692066A53B270D956636D77E347CDA5398BA61FD6F0C98956D5B2C05214,samsung_SM-G960F,samsung_SM-G960F,86.124.124.48,RO,Bucuresti,BUCHAREST,2023-07-18 06:32:20
NFANDROID1-PRV-P-L3-SAMSUSM-G960F-22585-9BCEC692066A53B270D956636D77E347CDA5398BA61FD6F0C98956D5B2C05214,samsung_SM-G960F,samsung_SM-G960F,5.14.157.43,RO,Bucuresti,BUCHAREST,2023-07-25 15:27:18
NFANDROID1-PRV-P-L3-SAMSUSM-G960F-22585-9BCEC692066A53B270D956636D77E347CDA5398BA61FD6F0C98956D5B2C05214,samsung_SM-G960F,samsung_SM-G960F,5.14.154.180,RO,Neamt,ROMAN,2023-07-25 10:01:19
NFANDROID1-PRV-P-L3-SAMSUSM-G960F-22585-9BCEC692066A53B270D956636D77E347CDA5398BA61FD6F0C98956D5B2C05214,samsung_SM-G960F,samsung_SM-G960F,5.14.128.7,RO,Constanta,CONSTANTA,2023-08-01 09:12:45
NFANDROID1-PRV-P-L3-SAMSUSM-G960F-22585-9BCEC692066A53B270D956636D77E347CDA5398BA61FD6F0C98956D5B2C05214,samsung_SM-G960F,samsung_SM-G960F,5.14.140.212,RO,Iasi,IASI,2023-07-12 15:38:06
NFANDROID1-PRV-P-L3-SAMSUSM-G960F-22585-9BCEC692066A53B270D956636D77E347CDA5398BA61FD6F0C98956D5B2C05214,samsung_SM-G960F,samsung_SM-G960F,81.18.84.141,RO,Iasi,IASI,2023-08-02 19:54:23
NFANDROID1-PRV-P-L3-SAMSUSM-G960F-22585-9BCEC692066A53B270D956636D77E347CDA5398BA61FD6F0C98956D5B2C05214,samsung_SM-G960F,samsung_SM-G960F,86.124.125.230,RO,Braila,BRAILA,2023-07-14 14:05:08
NFANDROID1-PRV-P-L3-SAMSUSM-G960F-22585-9BCEC692066A53B270D956636D77E347CDA5398BA61FD6F0C98956D5B2C05214,samsung_SM-G960F,samsung_SM-G960F,86.124.124.7,RO,Prahova,GROSANI,2023-08-01 07:25:01
NFANDROID1-PRV-P-L3-SAMSUSM-G960F-22585-9BCEC692066A53B270D956636D77E347CDA5398BA61FD6F0C98956D5B2C05214,samsung_SM-G960F,samsung_SM-G960F,2a02:2f0e:600c:1a00:7c9e:9333:fc75:cd55,RO,Iasi,IASI,2023-08-01 14:30:18
NFANDROID1-PRV-P-L3-SAMSUSM-G960F-22585-9BCEC692066A53B270D956636D77E347CDA5398BA61FD6F0C98956D5B2C05214,samsung_SM-G960F,samsung_SM-G960F,86.124.116.2,RO,Bucuresti,BUCHAREST,2023-08-06 10:28:30
NFANDROID1-PRV-P-L3-SAMSUSM-G960F-22585-9BCEC692066A53B270D956636D77E347CDA5398BA61FD6F0C98956D5B2C05214,samsung_SM-G960F,samsung_SM-G960F,5.14.153.43,RO,Arges,PITESTI,2023-07-25 18:35:29
NFANDROID1-PRV-P-L3-SAMSUSM-G960F-22585-9BCEC692066A53B270D956636D77E347CDA5398BA61FD6F0C98956D5B2C05214,samsung_SM-G960F,samsung_SM-G960F,5.14.138.212,RO,Dolj,CRAIOVA,2023-07-14 05:27:33
NFANDROID1-PRV-P-L3-SAMSUSM-G960F-22585-9BCEC692066A53B270D956636D77E347CDA5398BA61FD6F0C98956D5B2C05214,samsung_SM-G960F,samsung_SM-G960F,86.124.114.2,RO,Bucuresti,BUCHAREST,2023-08-05 05:47:25
NFANDROID1-PRV-P-L3-SAMSUSM-G960F-22585-9BCEC692066A53B270D956636D77E347CDA5398BA61FD6F0C98956D5B2C05214,samsung_SM-G960F,samsung_SM-G960F,5.14.156.88,RO,Suceava,SUCEAVA,2023-07-29 11:34:25
NFANDROID1-PRV-P-L3-SAMSUSM-G960F-22585-9BCEC692066A53B270D956636D77E347CDA5398BA61FD6F0C98956D5B2C05214,samsung_SM-G960F,samsung_SM-G960F,5.14.136.212,RO,Bucuresti,BUCHAREST,2023-07-14 08:02:12
NFANDROID1-PRV-P-L3-SAMSUSM-G960F-22585-9BCEC692066A53B270D956636D77E347CDA5398BA61FD6F0C98956D5B2C05214,samsung_SM-G960F,samsung_SM-G960F,86.124.120.195,RO,Cluj,CEANU MARE,2023-07-29 12:07:18
NFANDROID1-PRV-P-L3-SAMSUSM-G960F-22585-9BCEC692066A53B270D956636D77E347CDA5398BA61FD6F0C98956D5B2C05214,samsung_SM-G960F,samsung_SM-G960F,5.14.138.212,RO,Dambovita,TARGOVISTE,2023-07-11 12:58:53
NFANDROID1-PRV-P-L3-SAMSUSM-G960F-22585-9BCEC692066A53B270D956636D77E347CDA5398BA61FD6F0C98956D5B2C05214,samsung_SM-G960F,samsung_SM-G960F,5.14.131.230,RO,Bucuresti,BUCHAREST,2023-07-17 06:56:40
NFANDROID1-PRV-P-L3-SAMSUSM-G960F-22585-9BCEC692066A53B270D956636D77E347CDA5398BA61FD6F0C98956D5B2C05214,samsung_SM-G960F,samsung_SM-G960F,86.124.118.2,RO,Brasov,BRASOV,2023-08-05 11:19:45
NFANDROID1-PRV-P-L3-SAMSUSM-G960F-22585-9BCEC692066A53B270D956636D77E347CDA5398BA61FD6F0C98956D5B2C05214,samsung_SM-G960F,samsung_SM-G960F,2a02:2f0e:6000:9e00:e8a1:dd55:6338:b9c,RO,Iasi,IASI,2023-07-18 17:42:18
NFANDROID1-PRV-P-L3-SAMSUSM-G960F-22585-9BCEC692066A53B270D956636D77E347CDA5398BA61FD6F0C98956D5B2C05214,samsung_SM-G960F,samsung_SM-G960F,2a02:2f0e:5619:c700:7c9e:9333:fc75:cd55,RO,Iasi,IASI,2023-08-11 04:56:42
NFANDROID1-PRV-P-L3-SAMSUSM-G960F-22585-9BCEC692066A53B270D956636D77E347CDA5398BA61FD6F0C98956D5B2C05214,samsung_SM-G960F,samsung_SM-G960F,86.124.112.2,RO,Bucuresti,BUCHAREST,2023-08-05 05:47:43
NFANDROID1-PRV-P-L3-SAMSUSM-G960F-22585-9BCEC692066A53B270D956636D77E347CDA5398BA61FD6F0C98956D5B2C05214,samsung_SM-G960F,samsung_SM-G960F,5.14.136.212,RO,Timis,TIMISOARA,2023-07-11 15:17:18
NFANDROID1-PRV-P-L3-SAMSUSM-G960F-22585-9BCEC692066A53B270D956636D77E347CDA5398BA61FD6F0C98956D5B2C05214,samsung_SM-G960F,samsung_SM-G960F,86.124.120.2,RO,Brasov,BRASOV,2023-08-06 14:16:09
NFANDROID1-PRV-P-L3-SAMSUSM-G960F-22585-9BCEC692066A53B270D956636D77E347CDA5398BA61FD6F0C98956D5B2C05214,samsung_SM-G960F,samsung_SM-G960F,5.2.185.70,RO,Iasi,IASI,2023-07-13 10:21:51
NFANDROID1-PRV-P-L3-SAMSUSM-G960F-22585-9BCEC692066A53B270D956636D77E347CDA5398BA61FD6F0C98956D5B2C05214,samsung_SM-G960F,samsung_SM-G960F,5.14.148.180,RO,Cluj,CAMPIA TURZII,2023-07-25 09:58:27
NFANDROID1-PRV-P-L3-SAMSUSM-G960F-22585-9BCEC692066A53B270D956636D77E347CDA5398BA61FD6F0C98956D5B2C05214,samsung_SM-G960F,samsung_SM-G960F,86.124.115.26,RO,Bucuresti,BUCHAREST,2023-07-20 10:25:25
NFANDROID1-PRV-P-L3-SAMSUSM-S906B-22594-DB2F34D819DE843431DA059728F4667C7AE1307B3592877F018CB2CC3BEE1295,samsung_SM-S906B_chid_111940d0-7b18-11e9-9eff-7b5bbdffb61c,samsung_SM-S906B_chid_111940d0-7b18-11e9-9eff-7b5bbdffb61c,5.2.188.93,RO,Iasi,IASI,2023-10-06 11:39:10
NFANDROID1-PRV-P-L3-SAMSUSM-S906B-22594-DB2F34D819DE843431DA059728F4667C7AE1307B3592877F018CB2CC3BEE1295,samsung_SM-S906B_chid_111940d0-7b18-11e9-9eff-7b5bbdffb61c,samsung_SM-S906B_chid_111940d0-7b18-11e9-9eff-7b5bbdffb61c,2a02:2f0e:5815:a400:c7e3:6e2c:a896:7eca,RO,Iasi,IASI,2023-10-16 10:43:26
NFANDROID1-PRV-P-L3-SAMSUSM-S906B-22594-DB2F34D819DE843431DA059728F4667C7AE1307B3592877F018CB2CC3BEE1295,samsung_SM-S906B_chid_111940d0-7b18-11e9-9eff-7b5bbdffb61c,samsung_SM-S906B_chid_111940d0-7b18-11e9-9eff-7b5bbdffb61c,2a02:2f0e:6014:1100:1e58:a69e:4b9f:61da,RO,Iasi,IASI,2023-10-05 19:31:13
NFANDROID1-PRV-P-SAMSUSM-N770F-7176-452BB9EAB337ADFF8828F54163406E3E58FFA7537D0B1FAF07D880DEC54E4C14,samsung_SM-N770F_chid_2eb27aa0-3926-11e9-8c73-9b498cd1a550,samsung_SM-N770F_chid_2eb27aa0-3926-11e9-8c73-9b498cd1a550,2a02:2f0e:6000:9e00:bc3d:a598:177e:9642,RO,Iasi,IASI,2023-07-18 10:45:08
NFANDROID1-PRV-P-SAMSUSM-N770F-7176-452BB9EAB337ADFF8828F54163406E3E58FFA7537D0B1FAF07D880DEC54E4C14,samsung_SM-N770F_chid_2eb27aa0-3926-11e9-8c73-9b498cd1a550,samsung_SM-N770F_chid_2eb27aa0-3926-11e9-8c73-9b498cd1a550,5.14.150.202,RO,Bihor,ORADEA,2023-07-22 08:40:16
NFANDROID1-PRV-P-SAMSUSM-N770F-7176-452BB9EAB337ADFF8828F54163406E3E58FFA7537D0B1FAF07D880DEC54E4C14,samsung_SM-N770F_chid_2eb27aa0-3926-11e9-8c73-9b498cd1a550,samsung_SM-N770F_chid_2eb27aa0-3926-11e9-8c73-9b498cd1a550,5.14.137.216,RO,Bucuresti,BUCHAREST,2023-07-12 06:45:54
NFANDROID1-PRV-P-SAMSUSM-N770F-7176-452BB9EAB337ADFF8828F54163406E3E58FFA7537D0B1FAF07D880DEC54E4C14,samsung_SM-N770F_chid_2eb27aa0-3926-11e9-8c73-9b498cd1a550,samsung_SM-N770F_chid_2eb27aa0-3926-11e9-8c73-9b498cd1a550,2a02:2f0e:6000:9e00:90e0:b5b:c6cb:3787,RO,Iasi,IASI,2023-07-10 20:05:31
NFANDROID1-PRV-P-SAMSUSM-N770F-7176-452BB9EAB337ADFF8828F54163406E3E58FFA7537D0B1FAF07D880DEC54E4C14,samsung_SM-N770F_chid_2eb27aa0-3926-11e9-8c73-9b498cd1a550,samsung_SM-N770F_chid_2eb27aa0-3926-11e9-8c73-9b498cd1a550,86.124.126.116,RO,Iasi,IASI,2023-07-12 04:34:33
NFANDROID1-PRV-P-SAMSUSM-N770F-7176-452BB9EAB337ADFF8828F54163406E3E58FFA7537D0B1FAF07D880DEC54E4C14,samsung_SM-N770F_chid_2eb27aa0-3926-11e9-8c73-9b498cd1a550,samsung_SM-N770F_chid_2eb27aa0-3926-11e9-8c73-9b498cd1a550,82.77.245.206,RO,Iasi,IASI,2023-01-21 21:02:50
NFANDROID1-PRV-P-SAMSUSM-N770F-7176-452BB9EAB337ADFF8828F54163406E3E58FFA7537D0B1FAF07D880DEC54E4C14,samsung_SM-N770F_chid_2eb27aa0-3926-11e9-8c73-9b498cd1a550,samsung_SM-N770F_chid_2eb27aa0-3926-11e9-8c73-9b498cd1a550,82.208.153.59,RO,Bacau,BACAU,2023-07-22 20:01:16
NFANDROID1-PRV-P-SAMSUSM-N770F-7176-452BB9EAB337ADFF8828F54163406E3E58FFA7537D0B1FAF07D880DEC54E4C14,samsung_SM-N770F_chid_2eb27aa0-3926-11e9-8c73-9b498cd1a550,samsung_SM-N770F_chid_2eb27aa0-3926-11e9-8c73-9b498cd1a550,81.18.84.129,RO,Iasi,IASI,2023-07-16 16:10:04
NFANDROID1-PRV-P-SAMSUSM-N770F-7176-452BB9EAB337ADFF8828F54163406E3E58FFA7537D0B1FAF07D880DEC54E4C14,samsung_SM-N770F_chid_2eb27aa0-3926-11e9-8c73-9b498cd1a550,samsung_SM-N770F_chid_2eb27aa0-3926-11e9-8c73-9b498cd1a550,93.122.170.182,RO,Suceava,PANACI,2023-07-12 12:50:57
NFANDROID1-PRV-P-SAMSUSM-N770F-7176-452BB9EAB337ADFF8828F54163406E3E58FFA7537D0B1FAF07D880DEC54E4C14,samsung_SM-N770F_chid_2eb27aa0-3926-11e9-8c73-9b498cd1a550,samsung_SM-N770F_chid_2eb27aa0-3926-11e9-8c73-9b498cd1a550,2a02:2f0e:5616:f500:6113:f693:4101:21f6,RO,Iasi,IASI,2023-01-20 22:47:22
NFANDROID1-PRV-P-SAMSUSM-N770F-7176-452BB9EAB337ADFF8828F54163406E3E58FFA7537D0B1FAF07D880DEC54E4C14,samsung_SM-N770F_chid_2eb27aa0-3926-11e9-8c73-9b498cd1a550,samsung_SM-N770F_chid_2eb27aa0-3926-11e9-8c73-9b498cd1a550,2a02:2f0e:6000:9e00:9c9a:97b3:d3:5c83,RO,Iasi,IASI,2023-07-16 22:47:38
NFANDROID1-PRV-P-SAMSUSM-N770F-7176-452BB9EAB337ADFF8828F54163406E3E58FFA7537D0B1FAF07D880DEC54E4C14,samsung_SM-N770F_chid_2eb27aa0-3926-11e9-8c73-9b498cd1a550,samsung_SM-N770F_chid_2eb27aa0-3926-11e9-8c73-9b498cd1a550,2a02:2f0e:6000:9e00:7434:9bb5:8d8d:522b,RO,Iasi,IASI,2023-07-15 14:53:53
NFANDROID1-PRV-P-SAMSUSM-N770F-7176-452BB9EAB337ADFF8828F54163406E3E58FFA7537D0B1FAF07D880DEC54E4C14,samsung_SM-N770F_chid_2eb27aa0-3926-11e9-8c73-9b498cd1a550,samsung_SM-N770F_chid_2eb27aa0-3926-11e9-8c73-9b498cd1a550,5.14.137.108,RO,Bucuresti,BUCHAREST,2023-07-12 03:46:38
NFANDROID1-PRV-P-SAMSUSM-S906B-24461-88E68F63C9D518E0AAFEB807EDE96801F0F9D0BB85C9B970598D056764655C28,samsung_SM-S906B_chid_111940d0-7b18-11e9-9eff-7b5bbdffb61c,samsung_SM-S906B_chid_111940d0-7b18-11e9-9eff-7b5bbdffb61c,2a02:2f0e:6014:1100:7577:a681:2c1f:6720,RO,Iasi,IASI,2023-09-07 06:31:49
NFANDROID1-PRV-P-SAMSUSM-S906B-24461-88E68F63C9D518E0AAFEB807EDE96801F0F9D0BB85C9B970598D056764655C28,samsung_SM-S906B_chid_111940d0-7b18-11e9-9eff-7b5bbdffb61c,samsung_SM-S906B_chid_111940d0-7b18-11e9-9eff-7b5bbdffb61c,2a02:2f0e:6014:1100:4178:772:58c5:336,RO,Iasi,IASI,2023-09-15 06:30:40
NFANDROID1-PRV-P-SAMSUSM-S906B-24461-88E68F63C9D518E0AAFEB807EDE96801F0F9D0BB85C9B970598D056764655C28,samsung_SM-S906B_chid_111940d0-7b18-11e9-9eff-7b5bbdffb61c,samsung_SM-S906B_chid_111940d0-7b18-11e9-9eff-7b5bbdffb61c,5.14.143.139,RO,Cluj,CEANU MARE,2023-09-04 10:17:13
NFANDROID1-PRV-P-SAMSUSM-S906B-24461-88E68F63C9D518E0AAFEB807EDE96801F0F9D0BB85C9B970598D056764655C28,samsung_SM-S906B_chid_111940d0-7b18-11e9-9eff-7b5bbdffb61c,samsung_SM-S906B_chid_111940d0-7b18-11e9-9eff-7b5bbdffb61c,2a02:2f0e:6014:1100:6e8f:9c5a:53a2:580,RO,Iasi,IASI,2023-09-06 04:53:21
NFANDROID1-PRV-P-SAMSUSM-S906B-24461-88E68F63C9D518E0AAFEB807EDE96801F0F9D0BB85C9B970598D056764655C28,samsung_SM-S906B_chid_111940d0-7b18-11e9-9eff-7b5bbdffb61c,samsung_SM-S906B_chid_111940d0-7b18-11e9-9eff-7b5bbdffb61c,5.14.139.139,RO,Alba,RACHITA,2023-09-04 10:18:25
NFANDROID1-PRV-P-SAMSUSM-S906B-24461-88E68F63C9D518E0AAFEB807EDE96801F0F9D0BB85C9B970598D056764655C28,samsung_SM-S906B_chid_111940d0-7b18-11e9-9eff-7b5bbdffb61c,samsung_SM-S906B_chid_111940d0-7b18-11e9-9eff-7b5bbdffb61c,2a02:2f0e:5619:c700:b819:cb2:a576:83db,RO,Iasi,IASI,2023-09-06 04:33:04
NFANDROID1-PRV-P-SAMSUSM-S906B-24461-88E68F63C9D518E0AAFEB807EDE96801F0F9D0BB85C9B970598D056764655C28,samsung_SM-S906B_chid_111940d0-7b18-11e9-9eff-7b5bbdffb61c,samsung_SM-S906B_chid_111940d0-7b18-11e9-9eff-7b5bbdffb61c,2a02:2f0e:6014:1100:2398:78f6:f40d:eeba,RO,Iasi,IASI,2023-09-06 12:53:25
NFCDCH-02-H8E3G912HC3YHG8MFF9F5R09HJ88YT,chrome-cadmium,chrome-cadmium,2a02:2f0e:6000:9e00:d954:2c37:f0a8:7969,RO,Iasi,IASI,2023-07-14 17:36:33
NFCDCH-02-H8E3G912HC3YHG8MFF9F5R09HJ88YT,chrome-cadmium,chrome-cadmium,2a02:2f0e:6000:9e00:1876:a6ad:c945:4ba1,RO,Iasi,IASI,2023-07-20 16:36:24
NFCDCH-02-H8E3G912HC3YHG8MFF9F5R09HJ88YT,chrome-cadmium,chrome-cadmium,2a02:2f0e:6000:9e00:a916:89f:abe2:c434,RO,Iasi,IASI,2023-07-14 17:11:45
NFCDCH-02-H8E3G912HC3YHG8MFF9F5R09HJ88YT,chrome-cadmium,chrome-cadmium,2a02:2f0e:6014:1100:1802:5755:5dfc:b291,RO,Iasi,IASI,2023-09-24 16:15:36
